iso3,country,dominant_crop,spam_crop,mismatch,n_cells,miss,cond,det,shrinkage,reg
AFG,Afghanistan,Wheat,WHEA,0.6399533779098867,215.0,0.0,2.8092269083634687,114.95428896904883,0.004634692407966345,ledoit-wolf common rule
ALB,Albania,Wheat,WHEA,0.5239177539231912,21.0,0.0,31.301525871673462,173.408177574531,0.013111124359884282,ledoit-wolf common rule
DZA,Algeria,Wheat,WHEA,0.42374577758192766,150.0,0.0,14.51916615679353,258.2656663293226,0.001205871171528217,ledoit-wolf common rule
AGO,Angola,Maize,MAIZ,0.4289295353011883,374.0,0.0,114.7588685539991,522.8359572221669,0.00041293878327094405,ledoit-wolf common rule
ATG,Antigua and Barbuda,"Other tropical fruits, n.e.c.",OTHE,,,,,,,
ARG,Argentina,Wheat,WHEA,0.17704995302277246,453.0,0.0,11.468366167019202,1917.155386588119,0.0009147123520683415,ledoit-wolf common rule
AUS,Australia,Wheat,WHEA,0.22168826105854564,648.0,0.0,13.988432818256149,1593.1356835301071,0.0016340404678818667,ledoit-wolf common rule
AUT,Austria,Barley,BARL,0.8303104155817868,35.0,0.0,15.228094600546283,63.72636676828272,0.005795508372349283,ledoit-wolf common rule
BHS,Bahamas,"Other vegetables, fresh n.e.c.",OTHE,,,,,,,
BHR,Bahrain,Dates,OTHE,,,,,,,
BGD,Bangladesh,Rice,RICE,2.2469491618814112,63.0,0.0,127.77594252892199,965.8479034641,0.012224006663543998,ledoit-wolf common rule
BRB,Barbados,Sugar cane,SUGC,0.8175279991866377,2.0,0.0,11.680552638107782,7.4199812380342705,0.14513012417374588,ledoit-wolf common rule
BLZ,Belize,Sugar cane,SUGC,1.0563356618579989,13.0,0.0,51.33199128375846,1736.146392374868,0.0324516071850429,ledoit-wolf common rule
BEN,Benin,Maize,MAIZ,0.41862897436656343,45.0,0.0,130.86488328564215,35.576172615374055,0.004902530702767971,ledoit-wolf common rule
BTN,Bhutan,Maize,MAIZ,0.7791316373398591,18.0,0.0,69.13702034055216,1391.0076785661147,0.008481286458506343,ledoit-wolf common rule
BOL,Bolivia,Maize,MAIZ,0.31089355846463834,328.0,0.0,19.635985794630123,11827.771404273397,0.0006842894241800594,ledoit-wolf common rule
BWA,Botswana,Sorghum,SORG,0.252791386819376,178.0,0.0,18.427762974266297,39.93691530631572,0.0014363279221138539,ledoit-wolf common rule
BRA,Brazil,Maize,MAIZ,0.42417249057000617,1932.0,0.0,73.54588968670059,3440.5000166712725,0.0002456171038606501,ledoit-wolf common rule
BRN,Brunei,"Other vegetables, fresh n.e.c.",OTHE,,,,,,,
BGR,Bulgaria,Wheat,WHEA,1.4776535435761475,53.0,0.0,5.099914357667506,14.108595313079721,0.013069770467061377,ledoit-wolf common rule
BFA,Burkina Faso,Sorghum,SORG,0.6763993234182831,99.0,0.0,254.72406468925516,15.580913339607928,0.0015265583934658126,ledoit-wolf common rule
BDI,Burundi,"Beans, dry",BEAN,0.7399077466309675,14.0,0.0,25.35886246976125,647.2409650219048,0.025062694655030793,ledoit-wolf common rule
KHM,Cambodia,Rice,RICE,0.3501138097630657,61.0,0.0,199.98157932589405,1709.4452985207597,0.00688997622865223,ledoit-wolf common rule
CMR,Cameroon,Sorghum,SORG,0.2954020423001572,72.0,0.0,116.36871788256136,1032.7681304473524,0.003863901832889918,ledoit-wolf common rule
CAN,Canada,Wheat,WHEA,0.2125511979363671,820.0,0.0,15.16180911351332,109.01580351267847,0.008699788363794831,ledoit-wolf common rule
CPV,Cape Verde,Other pulses n.e.c.,OPUL,,,,,,,
CAF,Central African Republic,Cassava,CASS,0.7782499752278776,181.0,0.0,83.06428398506496,110.54220555462354,0.0017575802083464773,ledoit-wolf common rule
TCD,Chad,Millet,MILL,0.4364199081659876,181.0,0.0,112.85541200047314,180.11595274346945,0.000866498123643252,ledoit-wolf common rule
CHL,Chile,Wheat,WHEA,0.17134175018129025,178.0,0.0,35.17206758556458,4438.5970625029,0.0016957576826489833,ledoit-wolf common rule
CHN,China,Rice,RICE,0.21021774978982868,1604.0,0.0,47.659674794040676,1705.7609567976244,0.00011543665273198596,ledoit-wolf common rule
COL,Colombia,"Coffee, green",COFF,0.23957254835522956,276.0,0.0,80.30967412520067,18882.069590249754,0.0014935443435176194,ledoit-wolf common rule
COM,Comoros,Coconuts,OOIL,0.5196776805605511,4.0,0.0,50.185002058834485,24.27168300123711,0.03593346527827424,ledoit-wolf common rule
COG,Congo,Cassava,CASS,0.5746286338844249,90.0,0.0,133.11800529083268,127.53298913923167,0.003819991521970294,ledoit-wolf common rule
COK,Cook Islands,Coconuts,OOIL,,,,,,,
CRI,Costa Rica,"Coffee, green",COFF,1.6531750684461646,22.0,0.0,50.030778937507954,3421.7205724925734,0.014949580439165458,ledoit-wolf common rule
CIV,Cote d'Ivoire,Cocoa beans,OTHE,,,,,,,
CUB,Cuba,Sugar cane,SUGC,0.4550014836264425,54.0,0.0,185.19425014854076,64.74817921706475,0.004388724378455592,ledoit-wolf common rule
CYP,Cyprus,Barley,BARL,0.7390982946624349,8.0,0.0,12.721255819804975,13.49841964745115,0.024203028703105103,ledoit-wolf common rule
COD,Democratic Republic of Congo,Cassava,CASS,0.7076057797233493,524.0,0.0,64.30933474423176,657.5066432679092,0.0005848663795828256,ledoit-wolf common rule
DNK,Denmark,Barley,BARL,1.3252584563371017,39.0,0.0,29.449284966630167,5.46348474884468,0.008574098719001538,ledoit-wolf common rule
DJI,Djibouti,"Beans, dry",BEAN,,,,,,,
DMA,Dominica,Bananas,BANP,0.5851238083177809,1.0,0.0,5.653738903226995,3574.9595221940526,0.29991508008591045,ledoit-wolf common rule
DOM,Dominican Republic,Sugar cane,SUGC,0.3151786152900486,24.0,0.0,52.57956461802746,698.5012316498587,0.015607488747923863,ledoit-wolf common rule
TLS,East Timor,Maize,MAIZ,,,,,,,
ECU,Ecuador,Maize,MAIZ,0.20413549587172647,77.0,0.0,39.88235388574829,20975.689393399836,0.0033994181269647278,ledoit-wolf common rule
EGY,Egypt,Maize,MAIZ,0.6420960166816063,47.0,0.0,6.845014744619191,7.232818750859741,0.008603941300847538,ledoit-wolf common rule
SLV,El Salvador,Maize,MAIZ,1.7104656176742694,13.0,0.0,28.8606574217902,1034.8244903079858,0.01710027249419625,ledoit-wolf common rule
GNQ,Equatorial Guinea,Cocoa beans,OTHE,,,,,,,
SWZ,Eswatini,Maize,MAIZ,1.1525776468775277,9.0,0.0,8.686214075982388,223.45212834452187,0.04190547023351127,ledoit-wolf common rule
FJI,Fiji,Sugar cane,SUGC,,,,,,,
FIN,Finland,Barley,BARL,0.9931448523885842,123.0,0.0,8.976351104768547,8.959249859596184,0.0027988215969486324,ledoit-wolf common rule
FRA,France,Wheat,WHEA,0.4376775638458511,239.0,0.0,23.94066837629848,53.2359063879301,0.001320194933759264,ledoit-wolf common rule
PYF,French Polynesia,Coconuts,OOIL,,,,,,,
GAB,Gabon,Plantains,BANP,0.6070185485027471,71.0,0.0,212.14895319357794,313.784604297436,0.003366813121424831,ledoit-wolf common rule
GMB,Gambia,Groundnuts,GROU,0.34401984528110635,10.0,0.0,21.215614185309736,46.997814508672505,0.023886459572412446,ledoit-wolf common rule
DEU,Germany,Barley,BARL,1.105732883122944,183.0,0.0,33.92386301418353,16.586747329116356,0.002110225791411088,ledoit-wolf common rule
GHA,Ghana,Cocoa beans,OTHE,,,,,,,
GRC,Greece,Wheat,WHEA,0.6308718327065398,99.0,0.0,13.193468143024532,99.66266208185365,0.005638368231297385,ledoit-wolf common rule
GRD,Grenada,"Nutmeg, mace, cardamoms, raw",OTHE,,,,,,,
GTM,Guatemala,Maize,MAIZ,0.9227165528860984,43.0,0.0,44.12256525911876,5313.675819069982,0.005101613567131957,ledoit-wolf common rule
GIN,Guinea,Rice,RICE,0.5792565750545835,83.0,0.0,178.8121166739548,970.1914341788653,0.0031952728244085903,ledoit-wolf common rule
GNB,Guinea-Bissau,Cashew nuts,OTHE,,,,,,,
GUY,Guyana,Rice,RICE,0.2883544622149726,49.0,0.0,73.262945229969,627.1087650456396,0.007020468887616082,ledoit-wolf common rule
HTI,Haiti,Maize,MAIZ,0.48243317759653026,17.0,0.0,42.21974305195199,53.75998061207207,0.009583026275426926,ledoit-wolf common rule
HND,Honduras,Maize,MAIZ,1.5394692729914101,42.0,0.0,50.53564922237965,1184.7448491625787,0.013032753081992476,ledoit-wolf common rule
HKG,Hong Kong,"Other vegetables, fresh n.e.c.",OTHE,,,,,,,
HUN,Hungary,Wheat,WHEA,1.2293124628038268,51.0,0.0,13.639274323272652,10.823513349308147,0.006113889912701779,ledoit-wolf common rule
ISL,Iceland,Potatoes,POTA,,,,,,,
IND,India,Rice,RICE,0.2864331167850338,904.0,0.0,14.162144325459208,7784.245625109236,0.0007595013546308134,ledoit-wolf common rule
IDN,Indonesia,Rice,RICE,0.4311951975384539,642.0,0.0,155.49675871147758,2913.001374602308,0.00036767677499598833,ledoit-wolf common rule
IRN,Iran,Wheat,WHEA,0.526488084493166,414.0,0.0,1.2778539159843856,161.52022997120852,0.06049952178237575,ledoit-wolf common rule
IRQ,Iraq,Barley,BARL,0.6242209481140291,110.0,0.0,1.993282916184028,69.92226682392517,0.013176798762758459,ledoit-wolf common rule
IRL,Ireland,Barley,BARL,0.3951347573754434,44.0,0.0,135.65767977502475,44.72286827073845,0.003212138906474165,ledoit-wolf common rule
ISR,Israel,Wheat,WHEA,0.5955991027272782,15.0,0.0,21.87096654391619,64.88262650651527,0.044971804453536234,ledoit-wolf common rule
ITA,Italy,Wheat,WHEA,0.5214227459965133,138.0,0.0,12.051801049720607,128.29948430463728,0.0022744658441838862,ledoit-wolf common rule
JAM,Jamaica,Coconuts,OOIL,0.6655456537579181,7.0,0.0,70.28404963690747,505.9723418290267,0.024544185429254302,ledoit-wolf common rule
JPN,Japan,Rice,RICE,0.32664293892787516,179.0,0.0,86.0817701329985,1199.511711898762,0.0018563572521485923,ledoit-wolf common rule
JOR,Jordan,Wheat,WHEA,0.517407299695357,22.0,0.0,3.914264180810828,32.134553984212125,0.054057285523205066,ledoit-wolf common rule
KEN,Kenya,Maize,MAIZ,0.1661555785298066,138.0,0.0,24.416729242397835,1793.9153983070278,0.003986708374053755,ledoit-wolf common rule
KIR,Kiribati,Coconuts,OOIL,,,,,,,
KWT,Kuwait,Tomatoes,OTHE,,,,,,,
LAO,Laos,Rice,RICE,0.48099375271337236,92.0,0.0,37.38920609227561,777.2596194963719,0.004143242279288369,ledoit-wolf common rule
LBN,Lebanon,Olives,OOIL,0.28217067458746525,9.0,0.0,11.045863072650587,278.60999201989364,0.06976306903014641,ledoit-wolf common rule
LSO,Lesotho,Maize,MAIZ,0.41043035481617174,17.0,0.0,48.69534129588553,139.25227093991145,0.010228155336415797,ledoit-wolf common rule
LBR,Liberia,Rice,RICE,0.6054956367351522,36.0,0.0,162.72448393418486,1596.2679976302147,0.009379100117060576,ledoit-wolf common rule
LBY,Libya,Wheat,WHEA,0.552012461331305,79.0,0.0,24.77539476173833,13.500141035684408,0.0035576780774627887,ledoit-wolf common rule
MDG,Madagascar,Rice,RICE,0.20212157994316673,197.0,0.0,85.2846928512383,3453.6801256926074,0.001281641599973008,ledoit-wolf common rule
MWI,Malawi,Maize,MAIZ,0.17466189349041844,47.0,0.0,22.344391622023306,703.4392859814773,0.004866875219093717,ledoit-wolf common rule
MYS,Malaysia,Palm fruit oil,OOIL,0.5430204595837105,114.0,0.0,173.90473102593384,977.7241574371662,0.0017605834669548379,ledoit-wolf common rule
MDV,Maldives,Coconuts,OOIL,,,,,,,
MLI,Mali,Millet,MILL,0.7384057514516361,180.0,0.0,434.0523583062974,57.36742285636508,0.0012596567838164675,ledoit-wolf common rule
MLT,Malta,Wheat,WHEA,0.9723394288454045,1.0,0.0,5.959156751222202,38.75118538759394,0.27944193719577104,ledoit-wolf common rule
MRT,Mauritania,Sorghum,SORG,0.7612097897058683,53.0,0.0,23.927767921249842,17.025343214474667,0.0050300427988186295,ledoit-wolf common rule
MUS,Mauritius,Sugar cane,SUGC,0.6212439198887191,2.0,0.0,21.259923503306005,131.95568497626135,0.08631794934020326,ledoit-wolf common rule
MEX,Mexico,Maize,MAIZ,0.11843315298513675,626.0,0.0,24.463556578004148,4846.5381844593585,0.0011618507238932761,ledoit-wolf common rule
FSM,Micronesia (country),Coconuts,OOIL,,,,,,,
MNG,Mongolia,Wheat,WHEA,0.45344103084175164,121.0,0.0,4.228080489447247,22.22370268325364,0.004459017720818569,ledoit-wolf common rule
MAR,Morocco,Wheat,WHEA,0.29172706525669345,121.0,0.0,11.215623619843976,227.5245006298993,0.006494089171907207,ledoit-wolf common rule
MOZ,Mozambique,Maize,MAIZ,0.2279906743212062,265.0,0.0,70.558009842974,369.7933723899649,0.0010486131659287739,ledoit-wolf common rule
MMR,Myanmar,Rice,RICE,0.5233617631997147,236.0,0.0,35.50591107167589,6445.611381478926,0.0017142504299940766,ledoit-wolf common rule
NAM,Namibia,Millet,MILL,0.32932025048385577,120.0,0.0,16.408234515502475,59.99500184939284,0.0021090960152061826,ledoit-wolf common rule
NPL,Nepal,Rice,RICE,1.883490448315083,58.0,0.0,7.972668664440026,3140.312710637783,0.004049060125879774,ledoit-wolf common rule
NLD,Netherlands,Potatoes,POTA,1.0149936958017185,27.0,0.0,30.38885363797185,11.663607850538675,0.010647257852350716,ledoit-wolf common rule
NCL,New Caledonia,Coconuts,OOIL,,,,,,,
NZL,New Zealand,Barley,BARL,0.26435668096572007,122.0,0.0,19.019755536389667,967.9376190164778,0.00470920899581156,ledoit-wolf common rule
NIC,Nicaragua,Maize,MAIZ,2.132297512942972,40.0,0.0,54.316763338867204,564.3550753340216,0.015604067448407663,ledoit-wolf common rule
NER,Niger,Millet,MILL,0.4521593516688383,121.0,0.0,45.66666333259581,26.239757560049497,0.0026298287685849555,ledoit-wolf common rule
NGA,Nigeria,Sorghum,SORG,0.47492041373969024,224.0,0.0,235.64760737533373,286.2823885531001,0.0008053860042144626,ledoit-wolf common rule
NIU,Niue,Coconuts,OOIL,,,,,,,
PRK,North Korea,Maize,MAIZ,0.3645350223209031,61.0,0.0,39.20746536938546,131.44201057266616,0.007923474108062704,ledoit-wolf common rule
NOR,Norway,Barley,BARL,0.8406687881699969,47.0,0.0,86.15912946351554,84.28289379737971,0.0037189410035432637,ledoit-wolf common rule
OMN,Oman,Dates,OTHE,,,,,,,
PAK,Pakistan,Wheat,WHEA,0.4910015915317536,231.0,0.0,1.7263852737108278,1151.1163740642817,0.0263989539426087,ledoit-wolf common rule
PAN,Panama,Rice,RICE,0.8805042065636903,36.0,0.0,58.87308176755237,1961.557410833543,0.01978456971279874,ledoit-wolf common rule
PNG,Papua New Guinea,Coconuts,OOIL,0.2120444290735672,153.0,0.0,58.56331683658383,5754.755178713292,0.0016078998405333084,ledoit-wolf common rule
PRY,Paraguay,Soybeans,SOYB,0.0014432604096410449,82.0,0.0,163.19555616988345,465.00736227271943,0.002309168476563923,ledoit-wolf common rule
PER,Peru,Maize,MAIZ,0.04897398446413104,317.0,0.0,23.69169664446009,22922.193743879212,0.0006744702427622063,ledoit-wolf common rule
PHL,Philippines,Rice,RICE,1.034195756256353,174.0,0.0,235.73758735833144,1257.106297120611,0.0024332248060721403,ledoit-wolf common rule
POL,Poland,Rye,OTHE,,,,,,,
PRT,Portugal,Olives,OOIL,0.08944213451041491,46.0,0.0,33.950814438825056,263.5869669038754,0.005154570691928839,ledoit-wolf common rule
PRI,Puerto Rico,"Coffee, green",COFF,0.5736936269060129,7.0,0.0,25.653890891616967,1290.8905074774655,0.07152759932000238,ledoit-wolf common rule
QAT,Qatar,Dates,OTHE,,,,,,,
ROU,Romania,Maize,MAIZ,1.4792070552226915,112.0,0.0,6.2738764636612965,39.2693491999005,0.0031334671250793835,ledoit-wolf common rule
RWA,Rwanda,Bananas,BANP,0.9048932635544721,14.0,0.0,46.73275048836498,352.0513507648608,0.025274335917961476,ledoit-wolf common rule
KNA,Saint Kitts and Nevis,Sugar cane,SUGC,0.3933447256471324,2.0,0.0,21.88102898059818,103.50238284209786,0.08466484193815112,ledoit-wolf common rule
LCA,Saint Lucia,Bananas,BANP,0.4395520607880516,1.0,0.0,1.0,1147885.6460163167,1.0,ledoit-wolf common rule
VCT,Saint Vincent and the Grenadines,Bananas,BANP,0.2142272753938921,2.0,0.0,1.0,32806.66786170626,1.0,ledoit-wolf common rule
WSM,Samoa,Coconuts,OOIL,,,,,,,
STP,Sao Tome and Principe,Cocoa beans,OTHE,,,,,,,
SAU,Saudi Arabia,Wheat,WHEA,0.45021269242242523,190.0,0.0,2.214495546966794,23.419325675282288,0.011101299220218176,ledoit-wolf common rule
SEN,Senegal,Millet,MILL,0.3004594298000359,74.0,0.0,80.55134025908376,266.95568887701785,0.0023973135104935657,ledoit-wolf common rule
SYC,Seychelles,"Cinnamon and cinnamon-tree flowers, raw",OTHE,,,,,,,
SLE,Sierra Leone,Rice,RICE,0.8667011424060425,29.0,0.0,137.296408755358,1768.5990438803865,0.010554724910240558,ledoit-wolf common rule
SGP,Singapore,"Other vegetables, fresh n.e.c.",OTHE,,,,,,,
SLB,Solomon Islands,Coconuts,OOIL,,,,,,,
SOM,Somalia,Sorghum,SORG,0.20677170464193145,123.0,0.0,28.82760449007541,313.75483337767764,0.005716864542484523,ledoit-wolf common rule
ZAF,South Africa,Maize,MAIZ,0.16047601825172525,355.0,0.0,23.68486374895668,921.7068652358461,0.001294893584998002,ledoit-wolf common rule
KOR,South Korea,Rice,RICE,0.3679188971483762,49.0,0.0,82.67455376605258,146.1900135646892,0.010035158978813196,ledoit-wolf common rule
ESP,Spain,Barley,BARL,0.2069307650078714,209.0,0.0,20.79315095989952,315.1816798842898,0.0030399231109792197,ledoit-wolf common rule
LKA,Sri Lanka,Rice,RICE,1.3145707251984489,28.0,0.0,75.16282229133742,504.2616866205234,0.0134797052446772,ledoit-wolf common rule
SUR,Suriname,Rice,RICE,0.5962681381903254,52.0,0.0,268.40884164867265,158.57660296871563,0.0036043738221055435,ledoit-wolf common rule
SWE,Sweden,Barley,BARL,1.1854111662898956,117.0,0.0,24.7374164505966,11.416454560873651,0.00283958311052655,ledoit-wolf common rule
CHE,Switzerland,Wheat,WHEA,0.6033335210098768,18.0,0.0,17.020491682882902,44.353125164349734,0.01656018353967142,ledoit-wolf common rule
SYR,Syria,Barley,BARL,0.6003973960263784,62.0,0.0,9.953137742673505,44.23187130472625,0.008077643511302473,ledoit-wolf common rule
TWN,Taiwan,Rice,RICE,0.3615931541346853,17.0,0.0,24.843688838492856,1467.5555321207719,0.022225387088804206,ledoit-wolf common rule
TZA,Tanzania,Maize,MAIZ,0.48529104086098096,268.0,0.0,24.507944793190042,494.8763087538678,0.001712998393799403,ledoit-wolf common rule
THA,Thailand,Rice,RICE,0.16142823315057822,188.0,0.0,92.78034063447392,909.8109139854217,0.002811685444222934,ledoit-wolf common rule
TGO,Togo,Maize,MAIZ,0.3748137083217104,28.0,0.0,68.4654236659215,20.872576859656654,0.008496906481798351,ledoit-wolf common rule
TON,Tonga,Coconuts,OOIL,,,,,,,
TTO,Trinidad and Tobago,Sugar cane,SUGC,1.7026283530308866,4.0,0.0,28.888608652769065,421.16022771627553,0.06552941486839688,ledoit-wolf common rule
TUN,Tunisia,Olives,OOIL,0.42735237828598155,53.0,0.0,31.47643572777815,61.42854664267037,0.0034602534006732094,ledoit-wolf common rule
TUR,Turkey,Wheat,WHEA,0.39249733279214355,312.0,0.0,8.027663851547326,204.52736679546177,0.0016912303926099744,ledoit-wolf common rule
TUV,Tuvalu,Coconuts,OOIL,,,,,,,
UGA,Uganda,Plantains,BANP,0.2724834870997932,76.0,0.0,71.07267672047647,1328.762764402822,0.0028736247970085117,ledoit-wolf common rule
ARE,United Arab Emirates,Dates,OTHE,,,,,,,
GBR,United Kingdom,Wheat,WHEA,0.6219284396497277,142.0,0.0,121.27099979213847,97.14630633279171,0.002416302197098829,ledoit-wolf common rule
USA,United States,Maize,MAIZ,0.2639576568733547,1952.0,0.0,40.43281072343251,863.246132303106,0.0001396858032427798,ledoit-wolf common rule
URY,Uruguay,Wheat,WHEA,0.34694041068603454,68.0,0.0,84.02556764343646,107.86639697800017,0.0028478892037525653,ledoit-wolf common rule
VUT,Vanuatu,Coconuts,OOIL,0.18040478795303136,15.0,0.0,106.66047384047252,2509.8420415497517,0.017444878855663006,ledoit-wolf common rule
VEN,Venezuela,Maize,MAIZ,0.6461089844770106,210.0,0.0,154.76053259488663,3652.0850746235296,0.001136496739061578,ledoit-wolf common rule
VNM,Vietnam,Rice,RICE,0.17224453989797725,135.0,0.0,44.77132012727316,3674.950941411167,0.002410614724043226,ledoit-wolf common rule
YEM,Yemen,Sorghum,SORG,0.17672259941183172,71.0,0.0,1.8534916871248364,157.7252988142635,0.1972888984709426,ledoit-wolf common rule
ZMB,Zambia,Maize,MAIZ,0.1738370626395263,243.0,0.0,66.42096438667915,150.9514397536429,0.0009376463557207622,ledoit-wolf common rule
ZWE,Zimbabwe,Maize,MAIZ,0.13018658606248937,129.0,0.0,21.396071608757367,263.0946604797445,0.0037209926731912083,ledoit-wolf common rule
