iso3,country,mismatch
AFG,Afghanistan,0.6399533779098867
ALB,Albania,0.5239177539231912
DZA,Algeria,0.42374577758192766
AGO,Angola,0.4289295353011883
ATG,Antigua and Barbuda,
ARG,Argentina,0.17704995302277246
AUS,Australia,0.22168826105854564
AUT,Austria,0.8303104155817868
BHS,Bahamas,
BHR,Bahrain,
BGD,Bangladesh,2.2469491618814112
BRB,Barbados,0.8175279991866377
BLZ,Belize,1.0563356618579989
BEN,Benin,0.41862897436656343
BTN,Bhutan,0.7791316373398591
BOL,Bolivia,0.31089355846463834
BWA,Botswana,0.252791386819376
BRA,Brazil,0.42417249057000617
BRN,Brunei,
BGR,Bulgaria,1.4776535435761475
BFA,Burkina Faso,0.6763993234182831
BDI,Burundi,0.7399077466309675
KHM,Cambodia,0.3501138097630657
CMR,Cameroon,0.2954020423001572
CAN,Canada,0.2125511979363671
CPV,Cape Verde,
CAF,Central African Republic,0.7782499752278776
TCD,Chad,0.4364199081659876
CHL,Chile,0.17134175018129025
CHN,China,0.21021774978982868
COL,Colombia,0.23957254835522956
COM,Comoros,0.5196776805605511
COG,Congo,0.5746286338844249
COK,Cook Islands,
CRI,Costa Rica,1.6531750684461646
CIV,Cote d'Ivoire,
CUB,Cuba,0.4550014836264425
CYP,Cyprus,0.7390982946624349
COD,Democratic Republic of Congo,0.7076057797233493
DNK,Denmark,1.3252584563371017
DJI,Djibouti,
DMA,Dominica,0.5851238083177809
DOM,Dominican Republic,0.3151786152900486
TLS,East Timor,
ECU,Ecuador,0.20413549587172647
EGY,Egypt,0.6420960166816063
SLV,El Salvador,1.7104656176742694
GNQ,Equatorial Guinea,
SWZ,Eswatini,1.1525776468775277
FJI,Fiji,
FIN,Finland,0.9931448523885842
FRA,France,0.4376775638458511
PYF,French Polynesia,
GAB,Gabon,0.6070185485027471
GMB,Gambia,0.34401984528110635
DEU,Germany,1.105732883122944
GHA,Ghana,
GRC,Greece,0.6308718327065398
GRD,Grenada,
GTM,Guatemala,0.9227165528860984
GIN,Guinea,0.5792565750545835
GNB,Guinea-Bissau,
GUY,Guyana,0.2883544622149726
HTI,Haiti,0.48243317759653026
HND,Honduras,1.5394692729914101
HKG,Hong Kong,
HUN,Hungary,1.2293124628038268
ISL,Iceland,
IND,India,0.2864331167850338
IDN,Indonesia,0.4311951975384539
IRN,Iran,0.526488084493166
IRQ,Iraq,0.6242209481140291
IRL,Ireland,0.3951347573754434
ISR,Israel,0.5955991027272782
ITA,Italy,0.5214227459965133
JAM,Jamaica,0.6655456537579181
JPN,Japan,0.32664293892787516
JOR,Jordan,0.517407299695357
KEN,Kenya,0.1661555785298066
KIR,Kiribati,
KWT,Kuwait,
LAO,Laos,0.48099375271337236
LBN,Lebanon,0.28217067458746525
LSO,Lesotho,0.41043035481617174
LBR,Liberia,0.6054956367351522
LBY,Libya,0.552012461331305
MDG,Madagascar,0.20212157994316673
MWI,Malawi,0.17466189349041844
MYS,Malaysia,0.5430204595837105
MDV,Maldives,
MLI,Mali,0.7384057514516361
MLT,Malta,0.9723394288454045
MRT,Mauritania,0.7612097897058683
MUS,Mauritius,0.6212439198887191
MEX,Mexico,0.11843315298513675
FSM,Micronesia (country),
MNG,Mongolia,0.45344103084175164
MAR,Morocco,0.29172706525669345
MOZ,Mozambique,0.2279906743212062
MMR,Myanmar,0.5233617631997147
NAM,Namibia,0.32932025048385577
NPL,Nepal,1.883490448315083
NLD,Netherlands,1.0149936958017185
NCL,New Caledonia,
NZL,New Zealand,0.26435668096572007
NIC,Nicaragua,2.132297512942972
NER,Niger,0.4521593516688383
NGA,Nigeria,0.47492041373969024
NIU,Niue,
PRK,North Korea,0.3645350223209031
NOR,Norway,0.8406687881699969
OMN,Oman,
PAK,Pakistan,0.4910015915317536
PAN,Panama,0.8805042065636903
PNG,Papua New Guinea,0.2120444290735672
PRY,Paraguay,0.0014432604096410449
PER,Peru,0.04897398446413104
PHL,Philippines,1.034195756256353
POL,Poland,
PRT,Portugal,0.08944213451041491
PRI,Puerto Rico,0.5736936269060129
QAT,Qatar,
ROU,Romania,1.4792070552226915
RWA,Rwanda,0.9048932635544721
KNA,Saint Kitts and Nevis,0.3933447256471324
LCA,Saint Lucia,0.4395520607880516
VCT,Saint Vincent and the Grenadines,0.2142272753938921
WSM,Samoa,
STP,Sao Tome and Principe,
SAU,Saudi Arabia,0.45021269242242523
SEN,Senegal,0.3004594298000359
SYC,Seychelles,
SLE,Sierra Leone,0.8667011424060425
SGP,Singapore,
SLB,Solomon Islands,
SOM,Somalia,0.20677170464193145
ZAF,South Africa,0.16047601825172525
KOR,South Korea,0.3679188971483762
ESP,Spain,0.2069307650078714
LKA,Sri Lanka,1.3145707251984489
SUR,Suriname,0.5962681381903254
SWE,Sweden,1.1854111662898956
CHE,Switzerland,0.6033335210098768
SYR,Syria,0.6003973960263784
TWN,Taiwan,0.3615931541346853
TZA,Tanzania,0.48529104086098096
THA,Thailand,0.16142823315057822
TGO,Togo,0.3748137083217104
TON,Tonga,
TTO,Trinidad and Tobago,1.7026283530308866
TUN,Tunisia,0.42735237828598155
TUR,Turkey,0.39249733279214355
TUV,Tuvalu,
UGA,Uganda,0.2724834870997932
ARE,United Arab Emirates,
GBR,United Kingdom,0.6219284396497277
USA,United States,0.2639576568733547
URY,Uruguay,0.34694041068603454
VUT,Vanuatu,0.18040478795303136
VEN,Venezuela,0.6461089844770106
VNM,Vietnam,0.17224453989797725
YEM,Yemen,0.17672259941183172
ZMB,Zambia,0.1738370626395263
ZWE,Zimbabwe,0.13018658606248937
