subgroup,n,beta3,ci_lo,ci_hi,note
tropical |lat|<=23.5,72,0.09618827349157325,-0.10314346488739067,0.325790282308859,exploratory
nontropical,75,-0.01311771995543446,-0.22801168779120282,0.12830493641270246,exploratory
cereal-dominant,115,-0.013095629313940515,-0.2207618594948435,0.11844679273735682,exploratory
noncereal-dominant,32,0.206173859813174,-0.5865321463295293,0.6058128589542399,exploratory
high irrigation,74,-0.022438758847957846,-0.27876295101800364,0.4595020890426659,exploratory
low irrigation,73,0.04725970140951961,-0.10672997539697543,0.13841977933744934,exploratory
region Africa,42,-0.006589551694371004,-0.373972241874839,0.049275002175429135,exploratory
region America,32,0.09421946227675265,-0.3404809725085218,0.18509814147167034,exploratory
region Asia,39,-0.00929859502640313,-0.4251132258596284,0.41696814985599756,exploratory
region Europe,30,0.05817659759128539,0.029342681622842967,0.23637809824526596,exploratory
region Oceania,4,,,,exploratory
