path,bytes,sha256,role
00_TEMPORAL_LEAKAGE_REPAIR.md,2748,d7bf08870ac4e6b5,document
01_PRIMARY_MISMATCH_CONSTRUCTION.md,2748,c29c6d7d52d64130,document
02_EXPOSURE_LEVEL_DECISION.md,2538,f3f41dd12e93df8f,document
03_EFFECTIVE_INFORMATION_REASSESSMENT.md,2590,6bc64187ec90ec83,document
04_TEMPORAL_IDENTIFICATION_NOTE.md,2273,89fd6a9d53b05fcc,document
05_FINAL_PREANALYSIS_GATE.md,2978,6458ebadf5faa96f,document
COUNTRY_REGION_CROSSWALK.csv,25354,aecfde7f9dfc7877,data
DATA_SOURCE_LEDGER_v3.csv,95406,3a60b1e3e5bbcad2,data
FAOSTAT_CROP_ITEM_AUDIT.csv,10901,5ee5b1d9af961154,data
FINAL_HANDOFF.md,2195,ad7d9bc527d51420,document
PACKAGE_MANIFEST.csv,1592,908196ea7541aaa4,manifest
REPRODUCIBILITY_README.md,3003,7faf50519aabd42d,document
SPAM_FAOSTAT_CROSSWALK.csv,5371,6c363b0f47d6ade2,data
analysis/corrected_cropmix_diagnostics.csv,29349,33662fa0206ed4d2,data
analysis/footprint_cells.csv,4824691,f41ffaf09c20e7e5,data
analysis/mismatch_diagnostics.csv,19070,8cbe701ee13755a5,data
analysis/portfolio_mismatch_country.csv,10450,b98b1a47c65b6ef3,data
analysis/power_fetch_log.csv,919,0b8c9e56cce1962e,data
analysis/power_simulation_v2.csv,789,19bc2c68b16c0da0,data
analysis/primary_mismatch_country.csv,4772,c08007678da2699e,data
scripts/00_acquire_data.py,1360,af645403bf7e0e59,script
scripts/05_validate_manifest.py,1079,dcab2d6fa68f02f7,script
scripts/06_repair_inputs.py,13001,44f30c9ecd8ff0a0,script
scripts/07_fetch_power_climate.py,4684,3fc67afbf16439a3,script
scripts/08_build_mismatch.py,6658,5a0ceaa12fe82383,script
scripts/09_power_simulation_v2.py,5393,98158e98eed7c82e,script
scripts/10_build_ledger_v3.py,3829,dc7eb5528a88b7a2,script
