unit_id,country,lon,lat,block_grid10,block_grid15,block_km
HV1:AO:Huila,Angola,14.950076984630796,-14.74289289643334,1:-2,0:-1,Angola:2
HV1:AO:Luanda,Angola,13.310665387920782,-8.9802430386218,1:-1,0:-1,Angola:1
HV1:AO:Lunda Norte,Angola,19.492899471474257,-8.65213371596614,1:-1,1:-1,Angola:1
HV1:AO:Lunda Sul,Angola,20.65536864125301,-10.176175814461498,2:-2,1:-1,Angola:0
HV1:AO:Malanje,Angola,16.958223340271815,-9.4900757257116,1:-1,1:-1,Angola:1
HV1:AO:Moxico,Angola,21.036007433198296,-12.877404921622396,2:-2,1:-1,Angola:0
HV1:AO:Namibe,Angola,12.727154567832402,-15.493098870735553,1:-2,0:-2,Angola:2
HV1:AO:Uige,Angola,15.477335369721137,-7.024083776839302,1:-1,1:-1,Angola:1
HV1:AO:Zaire,Angola,13.561731457914254,-6.608485943469014,1:-1,0:-1,Angola:1
HV1:AO:Benguela,Angola,13.989724897828419,-12.933526852453955,1:-2,0:-1,Angola:2
HV1:AO:Bie,Angola,17.362577188017998,-12.324940340515786,1:-2,1:-1,Angola:2
HV1:AO:Cabinda,Angola,12.475702246829837,-5.039150748110013,1:-1,0:-1,Angola:1
HV1:AO:Huambo,Angola,15.745656729659066,-12.569180090109663,1:-2,1:-1,Angola:2
HV1:BJ:Ouémé,Benin,2.545893807801704,6.6149837001707645,0:0,0:0,Benin:1
HV1:BJ:Plateau,Benin,2.6269322619787308,7.199720623857373,0:0,0:0,Benin:1
HV1:BJ:Zou,Benin,2.1092131937037264,7.277594887266582,0:0,0:0,Benin:1
HV1:BJ:Alibori,Benin,2.8989535715387666,11.328817851018261,0:1,0:0,Benin:0
HV1:BJ:Atlantique,Benin,2.2193202155981204,6.617789042519213,0:0,0:0,Benin:1
HV1:BJ:Borgou,Benin,2.771750149074495,9.803069820927167,0:0,0:0,Benin:0
HV1:BJ:Collines,Benin,2.204218024399142,8.13603176434131,0:0,0:0,Benin:1
HV1:BJ:Donga,Benin,1.8096338396407436,9.328415895100735,0:0,0:0,Benin:0
HV1:BJ:Mono,Benin,1.8346793544246773,6.558889507068703,0:0,0:0,Benin:1
HV1:BF:Nord,Burkina Faso,-2.283268352950017,13.459389962790786,-1:1,-1:0,Burkina Faso:2
HV1:BF:Plateau-Central,Burkina Faso,-1.1429589248400773,12.449696558475607,-1:1,-1:0,Burkina Faso:2
HV1:BF:Sahel,Burkina Faso,-0.4400681182997423,14.146370593144322,-1:1,-1:0,Burkina Faso:0
HV1:BF:Sud-Ouest,Burkina Faso,-3.2307821317103094,10.475759191240277,-1:1,-1:0,Burkina Faso:1
HV1:BF:Boucle du Mouhoun,Burkina Faso,-3.488816847506053,12.54066633806577,-1:1,-1:0,Burkina Faso:1
HV1:BF:Cascades,Burkina Faso,-4.57041802209364,10.351713414504543,-1:1,-1:0,Burkina Faso:1
HV1:BF:Centre-Est,Burkina Faso,-0.18599536635183386,11.607335552145619,-1:1,-1:0,Burkina Faso:2
HV1:BF:Centre-Nord,Burkina Faso,-0.9745498564443776,13.268768650861325,-1:1,-1:0,Burkina Faso:2
HV1:BF:Centre-Ouest,Burkina Faso,-2.220748370170544,11.808434467492928,-1:1,-1:0,Burkina Faso:2
HV1:BF:Centre-Sud,Burkina Faso,-1.2192915290698978,11.582707027818211,-1:1,-1:0,Burkina Faso:2
HV1:BF:Centre,Burkina Faso,-1.5022751004372525,12.322548825240863,-1:1,-1:0,Burkina Faso:2
HV1:BF:Est,Burkina Faso,0.9200878138219394,12.228329913550382,0:1,0:0,Burkina Faso:0
GADM:BFA.9_1,Burkina Faso,-4.332121159947471,11.367824195477162,-1:1,-1:0,Burkina Faso:1
BR:Mato Grosso do Sul,Brazil,-54.845464280113326,-20.325867000975478,-6:-3,-4:-2,Brazil:2
BR:Mato Grosso,Brazil,-55.91107431154684,-12.948415391904271,-6:-2,-4:-1,Brazil:1
BR:Minas Gerais,Brazil,-44.67336131795281,-18.456177942190546,-5:-2,-3:-2,Brazil:0
BR:Pernambuco,Brazil,-37.99767705632897,-8.32521582817884,-4:-1,-3:-1,Brazil:0
BR:Rio de Janeiro,Brazil,-42.66278452424236,-22.19571545541953,-5:-3,-3:-2,Brazil:0
BR:Acre,Brazil,-70.472525692409,-9.214667235540109,-8:-1,-5:-1,Brazil:1
BR:Rio Grande do Norte,Brazil,-36.67326847786159,-5.839801493929372,-4:-1,-3:-1,Brazil:0
BR:Rio Grande do Sul,Brazil,-53.24495256251059,-29.787504951823706,-6:-3,-4:-2,Brazil:2
BR:Roraima,Brazil,-61.39813316923408,2.084977174878272,-7:0,-5:0,Brazil:1
BR:Santa Catarina,Brazil,-50.47208991045247,-27.24795695670946,-6:-3,-4:-2,Brazil:2
BR:Sergipe,Brazil,-37.44378947838553,-10.583763432468679,-4:-2,-3:-1,Brazil:0
BR:Tocantins,Brazil,-48.33129895093828,-10.14807633895823,-5:-2,-4:-1,Brazil:0
BR:Alagoas,Brazil,-36.62484895294301,-9.513673914037042,-4:-1,-3:-1,Brazil:0
BR:Amazonas,Brazil,-64.65111403448925,-4.157426096538344,-7:-1,-5:-1,Brazil:1
BR:Bahia,Brazil,-41.72115567396994,-12.475329670503323,-5:-2,-3:-1,Brazil:0
BR:Distrito Federal,Brazil,-47.796850865802455,-15.781166218264168,-5:-2,-4:-2,Brazil:0
CA:Prince Edward Island,Canada,-63.246179475071806,46.391177102295075,-7:4,-5:3,Canada:1
CA:Quebec,Canada,-71.83874665695664,53.44907900251901,-8:5,-5:3,Canada:1
CA:Saskatchewan,Canada,-105.8894385909552,54.418284690900315,-11:5,-8:3,Canada:0
CA:Alberta,Canada,-114.51100075826275,55.1698296647459,-12:5,-8:3,Canada:0
CA:British Columbia,Canada,-124.76856497825351,54.753180072952,-13:5,-9:3,Canada:0
CA:Manitoba,Canada,-97.43165038903659,54.92839246793233,-10:5,-7:3,Canada:0
CA:New Brunswick,Canada,-66.37940138320758,46.614914956352195,-7:4,-5:3,Canada:1
CA:Nova Scotia,Canada,-63.33160325619145,45.14582806139072,-7:4,-5:3,Canada:1
CA:Ontario,Canada,-85.81582501954455,50.08302980537173,-9:5,-6:3,Canada:1
GADM:ETH.10_1,Ethiopia,36.81105233733065,6.466449317786267,3:0,2:0,Ethiopia:0
HV1:ET:Afar,Ethiopia,40.76744934479915,12.037909353819641,4:1,2:0,Ethiopia:1
HV1:ET:Amhara,Ethiopia,38.0473203022418,11.562494255356384,3:1,2:0,Ethiopia:1
GADM:ETH.4_1,Ethiopia,35.44237778797844,10.508006710194225,3:1,2:0,Ethiopia:1
HV1:ET:Gambela,Ethiopia,34.32862318292429,7.7073679551811205,3:0,2:0,Ethiopia:0
HV1:ET:Harari,Ethiopia,42.17252598265895,9.289660181004196,4:0,2:0,Ethiopia:1
HV1:ET:Oromia,Ethiopia,38.76544158459752,7.507237452966567,3:0,2:0,Ethiopia:0
HV1:ET:Somali,Ethiopia,43.33707510619858,6.91361487202501,4:0,2:0,Ethiopia:0
HV1:GH:Oti,Ghana,0.27304188796706325,7.968974710477415,0:0,0:0,Ghana:2
HV1:GH:Savannah,Ghana,-1.5325072886342979,9.035286044384238,-1:0,-1:0,Ghana:1
HV1:GH:Upper East,Ghana,-0.8032721757226781,10.780586488620363,-1:1,-1:0,Ghana:1
HV1:GH:Upper West,Ghana,-2.2121804241990013,10.425688360788861,-1:1,-1:0,Ghana:1
HV1:GH:Volta,Ghana,0.5477792923418856,6.423606665422141,0:0,0:0,Ghana:2
HV1:GH:Western,Ghana,-2.1490295711936733,5.399979151362529,-1:0,-1:0,Ghana:0
HV1:GH:Western North,Ghana,-2.7883194744672064,6.224585659819702,-1:0,-1:0,Ghana:0
HV1:GH:Ahafo,Ghana,-2.4502887976597543,6.915941556527689,-1:0,-1:0,Ghana:0
HV1:GH:Ashanti,Ghana,-1.4569527354337255,6.799412122074369,-1:0,-1:0,Ghana:0
HV1:GH:Bono,Ghana,-2.5032824829214544,7.692920124382837,-1:0,-1:0,Ghana:0
HV1:GH:Bono East,Ghana,-1.0777476612339014,7.885322335784221,-1:0,-1:0,Ghana:2
HV1:GH:Central,Ghana,-1.2153670491857245,5.567583282660968,-1:0,-1:0,Ghana:0
HV1:GH:Eastern,Ghana,-0.4484765982781251,6.417600571019946,-1:0,-1:0,Ghana:2
HV1:GH:Greater Accra,Ghana,0.048382780970569396,5.805556693437134,0:0,0:0,Ghana:2
HV1:GH:North East,Ghana,-0.593278943493579,10.328770112434674,-1:1,-1:0,Ghana:1
HV1:GH:Northern,Ghana,-0.2858671222443763,9.462780656745101,-1:0,-1:0,Ghana:1
GADM:IDN.10_1,Indonesia,110.20073984951422,-7.259387690874897,11:-1,7:-1,Indonesia:0
GADM:IDN.11_1,Indonesia,112.73344537110627,-7.720070374318765,11:-1,7:-1,Indonesia:0
GADM:IDN.12_1,Indonesia,111.12096451463871,-0.08665340616110402,11:-1,7:-1,Indonesia:0
GADM:IDN.13_1,Indonesia,115.43955950389031,-2.993286621603216,11:-1,7:-1,Indonesia:1
GADM:IDN.14_1,Indonesia,113.41766550320308,-1.6023108903709489,11:-1,7:-1,Indonesia:0
GADM:IDN.17_1,Indonesia,105.02283810060005,-4.917956570223827,10:-1,7:-1,Indonesia:0
GADM:IDN.18_1,Indonesia,127.53990996713578,0.21039346768182832,12:0,8:0,Indonesia:4
GADM:IDN.19_1,Indonesia,129.83740721670972,-4.729786950715157,12:-1,8:-1,Indonesia:4
GADM:IDN.1_1,Indonesia,96.91088682139235,4.224480177848793,9:0,6:0,Indonesia:2
GADM:IDN.20_1,Indonesia,117.50745208902595,-8.606664515210282,11:-1,7:-1,Indonesia:1
GADM:IDN.21_1,Indonesia,122.18068288351421,-9.260112445906955,12:-1,8:-1,Indonesia:1
GADM:IDN.22_1,Indonesia,132.96826001309503,-2.037778390755341,13:-1,8:-1,Indonesia:4
GADM:IDN.23_1,Indonesia,138.6911070227732,-4.662877967441761,13:-1,9:-1,Indonesia:3
GADM:IDN.24_1,Indonesia,101.8081732468296,0.5098795060455921,10:0,6:0,Indonesia:2
GADM:IDN.25_1,Indonesia,119.34400748017984,-2.4617052220973266,11:-1,7:-1,Indonesia:1
GADM:IDN.26_1,Indonesia,120.16113731528804,-3.732296608868758,12:-1,8:-1,Indonesia:1
GADM:IDN.27_1,Indonesia,121.20228327132133,-1.0039117140123128,12:-1,8:-1,Indonesia:1
GADM:IDN.28_1,Indonesia,122.07191458283154,-4.126100443685183,12:-1,8:-1,Indonesia:1
GADM:IDN.29_1,Indonesia,124.52309102948632,1.2620528104228357,12:0,8:0,Indonesia:1
GADM:IDN.2_1,Indonesia,115.13210985425742,-8.369676925119629,11:-1,7:-1,Indonesia:0
GADM:IDN.30_1,Indonesia,100.46672122996942,-0.8517519814596295,10:-1,6:-1,Indonesia:2
GADM:IDN.31_1,Indonesia,104.17037733441676,-3.2174378043616314,10:-1,6:-1,Indonesia:2
GADM:IDN.32_1,Indonesia,99.05331159982194,2.19081121256032,9:0,6:0,Indonesia:2
GADM:IDN.4_1,Indonesia,106.10927573259984,-6.456455229333618,10:-1,7:-1,Indonesia:0
GADM:IDN.5_1,Indonesia,102.33714755958243,-3.533071198790545,10:-1,6:-1,Indonesia:2
GADM:IDN.6_1,Indonesia,122.37615124985103,0.6868471090533278,12:0,8:0,Indonesia:1
GADM:IDN.7_1,Indonesia,106.83448363974871,-6.200328599310561,10:-1,7:-1,Indonesia:0
GADM:IDN.8_1,Indonesia,102.72375184493174,-1.6994237858244976,10:-1,6:-1,Indonesia:2
GADM:IDN.9_1,Indonesia,107.6030310578887,-6.9201949371818605,10:-1,7:-1,Indonesia:0
HV1:LS:Thaba-Tseka,Lesotho,28.59411708812273,-29.570113399771454,2:-3,1:-2,Lesotho:0
HV1:LS:Berea,Lesotho,27.9171622282926,-29.196251581922652,2:-3,1:-2,Lesotho:0
HV1:LS:Butha-Buthe,Lesotho,28.563854624667904,-28.80295234693063,2:-3,1:-2,Lesotho:0
HV1:LS:Leribe,Lesotho,28.26428549925392,-29.018020542005893,2:-3,1:-2,Lesotho:0
HV1:LS:Mafeteng,Lesotho,27.518160013703632,-29.79213576219053,2:-3,1:-2,Lesotho:1
HV1:LS:Maseru,Lesotho,27.798438501673346,-29.56468603993888,2:-3,1:-2,Lesotho:1
HV1:LS:Mohale's Hoek,Lesotho,27.80074544588774,-30.069982816127393,2:-4,1:-3,Lesotho:1
HV1:LS:Mokhotlong,Lesotho,29.031461372611655,-29.219875603371037,2:-3,1:-2,Lesotho:0
HV1:LS:Qacha's Nek,Lesotho,28.73808526737399,-29.96559645217648,2:-3,1:-2,Lesotho:1
HV1:LS:Quthing,Lesotho,27.985661000840278,-30.360104910354256,2:-4,1:-3,Lesotho:1
HV1:ML:Gao,Mali,1.3481312864273682,16.79331742888894,0:1,0:1,Mali:1
HV1:ML:Kayes,Mali,-10.230415775748765,13.872913093170878,-2:1,-1:0,Mali:0
HV1:ML:Koulikoro,Mali,-7.645231383184851,13.625339195015632,-1:1,-1:0,Mali:0
HV1:ML:Mopti,Mali,-3.511409453864199,14.705152508807371,-1:1,-1:0,Mali:1
HV1:ML:Segou,Mali,-5.697849244773796,13.811434684510202,-1:1,-1:0,Mali:0
HV1:ML:Sikasso,Mali,-6.558964232129196,11.432507489257068,-1:1,-1:0,Mali:0
HV1:MZ:Tete,Mozambique,32.76685031203278,-15.514865999658111,3:-2,2:-2,Mozambique:0
HV1:MZ:Zambezia,Mozambique,36.98316269728754,-16.651333031280156,3:-2,2:-2,Mozambique:0
HV1:MZ:Cabo Delgado,Mozambique,39.366671238245196,-12.458620466064279,3:-2,2:-1,Mozambique:0
HV1:MZ:Gaza,Mozambique,32.80419612803719,-23.320622500116006,3:-3,2:-2,Mozambique:1
HV1:MZ:Inhambane,Mozambique,34.51464613995956,-22.808879038449604,3:-3,2:-2,Mozambique:1
HV1:MZ:Manica,Mozambique,33.4290782076179,-19.02047287804419,3:-2,2:-2,Mozambique:1
HV1:MZ:Maputo,Mozambique,32.45011452384846,-25.52759200086502,3:-3,2:-2,Mozambique:1
HV1:MZ:Nampula,Mozambique,39.247794132414825,-14.964815845628646,3:-2,2:-1,Mozambique:0
HV1:MZ:Sofala,Mozambique,34.6753411007492,-19.0619764386349,3:-2,2:-2,Mozambique:1
HV1:MR:Assaba,Mauritania,-11.535997620755968,16.58027373281639,-2:1,-1:1,Mauritania:0
HV1:MR:Hodh el Gharbi,Mauritania,-9.832345291241063,16.565425908261812,-1:1,-1:1,Mauritania:0
HV1:NE:Agadez,Niger,10.517990461589449,19.48541662939842,1:1,0:1,Niger:0
HV1:NE:Diffa,Niger,13.214575566694386,15.860426509131731,1:1,0:1,Niger:0
HV1:NE:Dosso,Niger,3.5418201521212,13.198258364246316,0:1,0:0,Niger:1
HV1:NE:Maradi,Niger,7.299178276600489,14.116153056871935,0:1,0:0,Niger:0
HV1:NE:Tahoua,Niger,5.22725735079241,15.776739018610932,0:1,0:1,Niger:1
HV1:NE:Zinder,Niger,10.031360219613797,14.986971873363181,1:1,0:0,Niger:0
HV1:NG:Delta,Nigeria,5.968216438178587,5.71226424495501,0:0,0:0,Nigeria:0
HV1:NG:Ebonyi,Nigeria,8.002217203677933,6.265299303126906,0:0,0:0,Nigeria:0
HV1:NG:Edo,Nigeria,5.904809715524021,6.6242123973579625,0:0,0:0,Nigeria:0
HV1:NG:Ekiti,Nigeria,5.313143041932399,7.702917744239009,0:0,0:0,Nigeria:3
HV1:NG:Enugu,Nigeria,7.421035139387461,6.534149086558208,0:0,0:0,Nigeria:0
HV1:NG:Federal Capital Territory,Nigeria,7.141681954422143,8.861415756892677,0:0,0:0,Nigeria:5
HV1:NG:Gombe,Nigeria,11.244600272786103,10.40537312925618,1:1,0:0,Nigeria:6
HV1:NG:Imo,Nigeria,7.046854335882191,5.550265142527317,0:0,0:0,Nigeria:0
HV1:NG:Jigawa,Nigeria,9.550489077326263,12.21609840219321,0:1,0:0,Nigeria:1
HV1:NG:Kaduna,Nigeria,7.7061920790003775,10.355476206761914,0:1,0:0,Nigeria:5
HV1:NG:Abia,Nigeria,7.509135766475658,5.451793684442271,0:0,0:0,Nigeria:0
HV1:NG:Kano,Nigeria,8.513338297973684,11.736130178823235,0:1,0:0,Nigeria:1
HV1:NG:Katsina,Nigeria,7.63083412715147,12.372580246236932,0:1,0:0,Nigeria:1
HV1:NG:Kebbi,Nigeria,4.50070481950307,11.766240587264631,0:1,0:0,Nigeria:4
HV1:NG:Kogi,Nigeria,6.696041999293238,7.716356482904051,0:0,0:0,Nigeria:5
HV1:NG:Kwara,Nigeria,4.372564834123583,8.982546248863978,0:0,0:0,Nigeria:3
HV1:NG:Lagos,Nigeria,3.564947088558442,6.527058240189128,0:0,0:0,Nigeria:3
HV1:NG:Nasarawa,Nigeria,8.187252579317542,8.498860987643841,0:0,0:0,Nigeria:2
HV1:NG:Niger,Nigeria,5.601163647433272,9.935978642514858,0:0,0:0,Nigeria:5
HV1:NG:Ogun,Nigeria,3.4670484240851485,7.001702314615561,0:0,0:0,Nigeria:3
HV1:NG:Ondo,Nigeria,5.156999897743176,6.908721991430116,0:0,0:0,Nigeria:3
HV1:NG:Adamawa,Nigeria,12.444612745103232,9.344003181819234,1:0,0:0,Nigeria:6
HV1:NG:Osun,Nigeria,4.536133449334935,7.534717061464354,0:0,0:0,Nigeria:3
HV1:NG:Oyo,Nigeria,3.6188457394369435,8.143664023392452,0:0,0:0,Nigeria:3
HV1:NG:Plateau,Nigeria,9.5471550743677,9.209895318936121,0:0,0:0,Nigeria:2
HV1:NG:Rivers,Nigeria,6.925185309230092,4.860419892449655,0:0,0:0,Nigeria:0
HV1:NG:Sokoto,Nigeria,5.317572021357766,13.034913346803807,0:1,0:0,Nigeria:4
HV1:NG:Taraba,Nigeria,10.829578328214579,8.033708539743094,1:0,0:0,Nigeria:2
HV1:NG:Yobe,Nigeria,11.443025552575774,12.297321745095418,1:1,0:0,Nigeria:6
HV1:NG:Zamfara,Nigeria,6.261731972964206,12.088472377323134,0:1,0:0,Nigeria:4
HV1:NG:Akwa Ibom,Nigeria,7.838176706053894,4.912295115840413,0:0,0:0,Nigeria:0
HV1:NG:Anambra,Nigeria,6.9305915434706105,6.208220958174551,0:0,0:0,Nigeria:0
HV1:NG:Bauchi,Nigeria,9.988410053306175,10.7756404039032,0:1,0:0,Nigeria:1
HV1:NG:Bayelsa,Nigeria,6.105268265187817,4.767812950291268,0:0,0:0,Nigeria:0
HV1:NG:Benue,Nigeria,8.758107693699017,7.324381316297388,0:0,0:0,Nigeria:2
HV1:NG:Borno,Nigeria,13.17643765317906,11.894286073135083,1:1,0:0,Nigeria:6
HV1:NG:Cross River,Nigeria,8.581300514108218,5.85644085974868,0:0,0:0,Nigeria:0
GADM:PAK.2_1,Pakistan,65.8769703069567,28.305464654078875,6:2,4:1,Pakistan:0
GADM:PAK.5_1,Pakistan,72.04833322361947,34.42086647223378,7:3,4:2,Pakistan:0
GADM:PAK.7_1,Pakistan,72.12312693364215,30.796328414458046,7:3,4:2,Pakistan:0
GADM:PAK.8_1,Pakistan,68.78509665928685,26.012756400997496,6:2,4:1,Pakistan:0
HV1:SD:South Darfur,Sudan,24.459535323367657,10.876480735501193,2:1,1:0,Sudan:1
HV1:SD:West Darfur,Sudan,22.62854219770154,13.51149216931416,2:1,1:0,Sudan:2
HV1:SD:White Nile,Sudan,32.351132593808615,13.40579996139923,3:1,2:0,Sudan:0
HV1:SD:Blue Nile,Sudan,34.125378695518364,11.268473753991925,3:1,2:0,Sudan:0
HV1:SD:Central Darfur,Sudan,23.43872400197918,12.345280247978328,2:1,1:0,Sudan:1
HV1:SD:East Darfur,Sudan,26.443535647432974,11.008185135080504,2:1,1:0,Sudan:1
HV1:SD:North Darfur,Sudan,25.56138660096512,16.2100333080439,2:1,1:1,Sudan:2
HV1:SN:Saint-Louis,Senegal,-15.00057270357731,16.175570057807192,-2:1,-2:1,Senegal:1
HV1:SN:Tambacounda,Senegal,-13.225081072664794,13.891979445215517,-2:1,-1:0,Senegal:0
HV1:SN:Thies,Senegal,-16.75435542845005,14.831838125538509,-2:1,-2:0,Senegal:1
HV1:SN:Ziguinchor,Senegal,-16.37396661550946,12.779281988355256,-2:1,-2:0,Senegal:1
HV1:SN:Dakar,Senegal,-17.26541754364255,14.754650579451363,-2:1,-2:0,Senegal:1
HV1:SN:Diourbel,Senegal,-16.12061169906365,14.780962492332645,-2:1,-2:0,Senegal:1
HV1:SN:Fatick,Senegal,-16.34728955380743,14.156330950890888,-2:1,-2:0,Senegal:1
HV1:SN:Kaolack,Senegal,-15.93260110904142,13.97102209280311,-2:1,-2:0,Senegal:1
HV1:SN:Kedougou,Senegal,-12.194913077109513,12.843418786806987,-2:1,-1:0,Senegal:0
HV1:SN:Kolda,Senegal,-14.416624355009306,13.030193114930068,-2:1,-1:0,Senegal:0
HV1:SN:Louga,Senegal,-15.541613609918135,15.426566809788875,-2:1,-2:1,Senegal:1
HV1:SN:Matam,Senegal,-13.72758328067177,15.143359002668076,-2:1,-1:1,Senegal:0
HV1:TD:Lac,Chad,14.37467168719382,13.663334550078279,1:1,0:0,Chad:1
HV1:TD:Logone Occidental,Chad,15.866409814769005,8.76585542452386,1:0,1:0,Chad:2
HV1:TD:Logone Oriental,Chad,16.409530172243056,8.203366073519524,1:0,1:0,Chad:2
HV1:TD:Mandoul,Chad,17.6074065743261,8.689266485903758,1:0,1:0,Chad:2
HV1:TD:Mayo-Kebbi Est,Chad,15.547261826389727,10.193563057827719,1:1,1:0,Chad:2
HV1:TD:Mayo-Kebbi Ouest,Chad,14.752214600669609,9.334684650110471,1:0,0:0,Chad:2
HV1:TD:Moyen-Chari,Chad,18.647438599755226,9.42912991650215,1:0,1:0,Chad:2
HV1:TD:Ouaddai,Chad,21.15709178204635,13.540701372158853,2:1,1:0,Chad:0
HV1:TD:Salamat,Chad,20.583375328094288,10.810195614144778,2:1,1:0,Chad:0
HV1:TD:Sila,Chad,21.442636096656283,12.138316187646684,2:1,1:0,Chad:0
HV1:TD:Tandjile,Chad,16.480676645940285,9.539006874799727,1:0,1:0,Chad:2
HV1:TD:Wadi Fira,Chad,21.50505508260715,15.026243015888458,2:1,1:1,Chad:0
HV1:TD:Batha,Chad,18.802042980383632,13.974735736243014,1:1,1:0,Chad:0
HV1:TD:Chari-Baguirmi,Chad,16.33070893920819,11.238920459636036,1:1,1:0,Chad:2
HV1:TD:Guera,Chad,18.632082139850972,11.489554095930883,1:1,1:0,Chad:0
HV1:TD:Hadjer-Lamis,Chad,16.18851286178862,12.551449555875141,1:1,1:0,Chad:1
HV1:TD:Kanem,Chad,15.264955805085723,15.13281124646463,1:1,1:1,Chad:1
US:12,United States,-82.48494221208345,28.640730612027667,-9:2,-6:1,United States:3
US:13,United States,-83.45075938032086,32.651583102999034,-9:3,-6:2,United States:5
US:15,United States,-156.34881069050118,20.24844859572375,-16:2,-11:1,United States:0
US:16,United States,-114.6594043882057,44.389532132438156,-12:4,-8:2,United States:1
US:17,United States,-89.14846357640289,40.124916201780806,-9:4,-6:2,United States:5
US:18,United States,-86.28188618087253,39.91942125904707,-9:3,-6:2,United States:5
US:19,United States,-93.50018040045258,42.07607869382959,-10:4,-7:2,United States:4
US:20,United States,-98.38065967031972,38.48524344718751,-10:3,-7:2,United States:8
US:21,United States,-85.28910257356333,37.52685168607702,-9:3,-6:2,United States:5
US:22,United States,-92.01170347559658,31.077542607534873,-10:3,-7:2,United States:3
US:01,United States,-86.82796681295216,32.793242414808496,-9:3,-6:2,United States:3
US:23,United States,-69.22915045688897,45.37984562098174,-7:4,-5:3,United States:2
US:24,United States,-76.7992696011287,39.05441866621777,-8:3,-6:2,United States:7
US:25,United States,-71.8128097643156,42.2582978006428,-8:4,-5:2,United States:2
US:26,United States,-85.73546617675076,44.879020542935244,-9:4,-6:2,United States:4
US:27,United States,-94.1957550233974,46.35298765472875,-10:4,-7:3,United States:4
US:28,United States,-89.66512678165762,32.7522662376051,-9:3,-6:2,United States:3
US:29,United States,-92.47777354605927,38.36749386833667,-10:3,-7:2,United States:5
US:30,United States,-109.64541228840675,47.03427022036337,-11:4,-8:3,United States:8
US:31,United States,-99.8096865588984,41.52747003843071,-10:4,-7:2,United States:8
US:32,United States,-116.6555125169486,39.35699457644754,-12:3,-8:2,United States:1
US:02,United States,-152.21257034678374,64.22766820562117,-16:6,-11:4,United States:6
US:34,United States,-74.67233776048026,40.19500731964944,-8:4,-5:2,United States:2
US:35,United States,-106.10793571808082,34.42141053559007,-11:3,-8:2,United States:8
US:36,United States,-75.64852041805645,42.992230237683025,-8:4,-6:2,United States:2
US:37,United States,-79.38755637776569,35.54397089352142,-8:3,-6:2,United States:7
US:38,United States,-100.46969979647025,47.446460662684366,-11:4,-7:3,United States:8
US:39,United States,-82.62697514131823,40.477034591899425,-9:4,-6:2,United States:5
US:40,United States,-97.50763168639766,35.58366659862422,-10:3,-7:2,United States:3
US:41,United States,-120.55389470965142,43.93789205892769,-13:4,-9:2,United States:1
US:42,United States,-77.79915613052884,40.874106247604814,-8:4,-6:2,United States:7
US:04,United States,-111.66447375490414,34.29390434115174,-12:3,-8:2,United States:1
US:44,United States,-71.5544102395946,41.67587533412682,-8:4,-5:2,United States:2
US:45,United States,-80.89759441422295,33.91651943933903,-9:3,-6:2,United States:7
US:46,United States,-100.23058625679383,44.435679998368244,-11:4,-7:2,United States:8
US:47,United States,-86.34243190626316,35.84419441209374,-9:3,-6:2,United States:5
US:48,United States,-99.35797507802472,31.491605864711854,-10:3,-7:2,United States:3
US:49,United States,-111.6783642267917,39.32479421574732,-12:3,-8:2,United States:1
US:50,United States,-72.6638934853567,44.073983401033374,-8:4,-5:2,United States:2
US:51,United States,-78.8408380512507,37.51644418962873,-8:3,-6:2,United States:7
US:53,United States,-120.44107267547535,47.38228785021756,-13:4,-9:3,United States:1
US:54,United States,-80.61225655218897,38.64276387717698,-9:3,-6:2,United States:7
US:05,United States,-92.43950902008874,34.89916261116812,-10:3,-7:2,United States:3
US:55,United States,-89.73591000770183,44.64078545449298,-9:4,-6:2,United States:4
US:56,United States,-107.55096091890003,43.00029145180711,-11:4,-8:2,United States:8
US:06,United States,-119.60787294860252,37.2453753738832,-12:3,-8:2,United States:1
US:08,United States,-105.54780455199185,38.999047826213705,-11:3,-8:2,United States:8
US:09,United States,-72.72752357407934,41.62219368200329,-8:4,-5:2,United States:2
US:10,United States,-75.50649086002267,39.009504053855686,-8:3,-6:2,United States:7
HV1:ZA:Eastern Cape,South Africa,26.446553976864582,-32.15364604743983,2:-4,1:-3,South Africa:0
HV1:ZA:Free State,South Africa,26.867264202613033,-28.614403227241752,2:-3,1:-2,South Africa:1
HV1:ZA:Gauteng,South Africa,28.12577898124604,-26.106146937690646,2:-3,1:-2,South Africa:1
HV1:ZA:Kwazulu-Natal,South Africa,30.72670576528401,-28.728062294836853,3:-3,2:-2,South Africa:1
HV1:ZA:Limpopo,South Africa,29.289763106199327,-23.78533526301805,2:-3,1:-2,South Africa:1
HV1:ZA:Mpumalanga,South Africa,30.298964692604354,-25.87362435872163,3:-3,2:-2,South Africa:1
HV1:ZA:North West,South Africa,25.519648141037496,-26.26813546029494,2:-3,1:-2,South Africa:1
HV1:ZA:Northern Cape,South Africa,21.40248346574122,-29.453408500997057,2:-3,1:-2,South Africa:0
HV1:ZA:Western Cape,South Africa,20.615340060670267,-33.01441178118835,2:-4,1:-3,South Africa:0
HV1:ZM:Western,Zambia,23.677943824026894,-15.642277294449277,2:-2,1:-2,Zambia:0
HV1:ZM:Central,Zambia,28.23712226999518,-14.405094416403513,2:-2,1:-1,Zambia:0
HV1:ZM:Copperbelt,Zambia,27.846336665850227,-13.123759324850148,2:-2,1:-1,Zambia:0
HV1:ZM:Eastern,Zambia,31.902901972784445,-13.57578597856186,3:-2,2:-1,Zambia:1
HV1:ZM:Luapula,Zambia,29.21160853154384,-10.674231726875927,2:-2,1:-1,Zambia:1
HV1:ZM:Lusaka,Zambia,29.07783738468846,-15.426072260987807,2:-2,1:-2,Zambia:0
HV1:ZM:Muchinga,Zambia,31.969338641267502,-11.332135271275622,3:-2,2:-1,Zambia:1
HV1:ZM:North-Western,Zambia,25.052244928444455,-13.031126477343413,2:-2,1:-1,Zambia:0
HV1:ZM:Northern,Zambia,30.651142859573653,-9.717539888809517,3:-1,2:-1,Zambia:1
HV1:ZM:Southern,Zambia,26.756644839107306,-16.78993156968235,2:-2,1:-2,Zambia:0
HV1:TZ:Arusha,"Tanzania, United Republic of",35.921153462842895,-2.9653304693613323,3:-1,2:-1,"Tanzania, United Republic of:0"
HV1:TZ:Dar es Salaam,"Tanzania, United Republic of",39.26191413547366,-6.886384443305601,3:-1,2:-1,"Tanzania, United Republic of:4"
HV1:TZ:Dodoma,"Tanzania, United Republic of",35.92230552811889,-5.929152383690578,3:-1,2:-1,"Tanzania, United Republic of:0"
HV1:TZ:Geita,"Tanzania, United Republic of",31.8975525299638,-3.250025712881382,3:-1,2:-1,"Tanzania, United Republic of:1"
HV1:TZ:Iringa,"Tanzania, United Republic of",35.4759724663289,-7.8032618394239845,3:-1,2:-1,"Tanzania, United Republic of:3"
HV1:TZ:Kagera,"Tanzania, United Republic of",31.46125474200422,-1.8740517156558711,3:-1,2:-1,"Tanzania, United Republic of:1"
HV1:TZ:Katavi,"Tanzania, United Republic of",31.32709244369252,-6.427680880249386,3:-1,2:-1,"Tanzania, United Republic of:2"
HV1:TZ:Kigoma,"Tanzania, United Republic of",30.40170004340858,-4.768601798636257,3:-1,2:-1,"Tanzania, United Republic of:2"
HV1:TZ:Kilimanjaro,"Tanzania, United Republic of",37.641225714198065,-3.7595312385914608,3:-1,2:-1,"Tanzania, United Republic of:0"
HV1:TZ:Lindi,"Tanzania, United Republic of",38.40102977581137,-9.484290068860371,3:-1,2:-1,"Tanzania, United Republic of:3"
HV1:TZ:Manyara,"Tanzania, United Republic of",36.542102470884004,-4.527373755525915,3:-1,2:-1,"Tanzania, United Republic of:0"
HV1:TZ:Mara,"Tanzania, United Republic of",34.094448928065475,-1.714038559931104,3:-1,2:-1,"Tanzania, United Republic of:1"
HV1:TZ:Mbeya,"Tanzania, United Republic of",33.35621175038268,-8.229805217739646,3:-1,2:-1,"Tanzania, United Republic of:2"
HV1:TZ:Morogoro,"Tanzania, United Republic of",36.98913905624646,-7.922822347062203,3:-1,2:-1,"Tanzania, United Republic of:3"
HV1:TZ:Mtwara,"Tanzania, United Republic of",39.116798500890745,-10.778987756324657,3:-2,2:-1,"Tanzania, United Republic of:3"
HV1:TZ:Mwanza,"Tanzania, United Republic of",32.87365969030446,-2.37182883688934,3:-1,2:-1,"Tanzania, United Republic of:1"
HV1:TZ:Njombe,"Tanzania, United Republic of",34.714450949090235,-9.454742694681766,3:-1,2:-1,"Tanzania, United Republic of:3"
HV1:TZ:Pemba North,"Tanzania, United Republic of",39.76973214902049,-5.038477676596684,3:-1,2:-1,"Tanzania, United Republic of:4"
HV1:TZ:Rukwa,"Tanzania, United Republic of",31.363331673281643,-7.95816411316941,3:-1,2:-1,"Tanzania, United Republic of:2"
HV1:TZ:Ruvuma,"Tanzania, United Republic of",36.24839813661211,-10.727079053235972,3:-2,2:-1,"Tanzania, United Republic of:3"
HV1:TZ:Shinyanga,"Tanzania, United Republic of",32.936869658302165,-3.754335738977731,3:-1,2:-1,"Tanzania, United Republic of:1"
HV1:TZ:Simiyu,"Tanzania, United Republic of",34.27235028138284,-3.0238492650632742,3:-1,2:-1,"Tanzania, United Republic of:1"
HV1:TZ:Singida,"Tanzania, United Republic of",34.49616741534461,-5.7476570721834115,3:-1,2:-1,"Tanzania, United Republic of:0"
HV1:TZ:Tabora,"Tanzania, United Republic of",32.820093217518355,-5.2660289586735525,3:-1,2:-1,"Tanzania, United Republic of:2"
HV1:TZ:Tanga,"Tanzania, United Republic of",38.279122499903075,-5.218299169864207,3:-1,2:-1,"Tanzania, United Republic of:4"
HV1:TZ:Zanzibar Central/South,"Tanzania, United Republic of",39.42345203949061,-6.23997779231683,3:-1,2:-1,"Tanzania, United Republic of:4"
HV1:TZ:Zanzibar North,"Tanzania, United Republic of",39.28839950446802,-5.9203209046457665,3:-1,2:-1,"Tanzania, United Republic of:4"
HV1:TD:Barh el Gazel,Chad,16.881377969243637,14.539853862049544,1:1,1:0,Chad:1
HV1:AO:Kuando Kubango,Angola,19.500426458779224,-16.11277254876973,1:-2,1:-2,Angola:0
HV1:AO:Kuanza Norte,Angola,14.988405099478618,-8.968554711031436,1:-1,0:-1,Angola:1
HV1:AO:Kuanza Sul,Angola,15.029371964369703,-10.827236476734386,1:-2,1:-1,Angola:1
HV1:BF:Hauts-Bassins,Burkina Faso,-4.3340487912731644,11.365877913728058,-1:1,-1:0,Burkina Faso:1
HV1:SD:Gedaref,Sudan,35.11440206679956,14.115580060732428,3:1,2:0,Sudan:0
HV1:SD:Gezira,Sudan,33.276844505278106,14.5940858233373,3:1,2:0,Sudan:0
HV1:SD:North Kordofan,Sudan,29.749578436874838,14.838444070101431,2:1,1:0,Sudan:2
HV1:SD:Sinnar,Sudan,34.049487435778204,12.90738481788604,3:1,2:0,Sudan:0
HV1:SD:South Kordofan,Sudan,30.83626530454556,11.291419626402778,3:1,2:0,Sudan:0
HV1:SD:West Kordofan,Sudan,28.414222117094653,11.758668648529158,2:1,1:0,Sudan:1
HV1:BJ:Atacora,Benin,1.5817889675239771,10.693552632700243,0:1,0:0,Benin:0
HV1:BJ:Couffo,Benin,1.7828636799403434,6.99651615363404,0:0,0:0,Benin:1
HV1:ET:Benishangul Gumuz,Ethiopia,35.44522248898829,10.506380125075296,3:1,2:0,Ethiopia:1
HV1:ET:SNNPR,Ethiopia,36.699160498167934,6.458075683441842,3:0,2:0,Ethiopia:0
HV1:ET:Sidama,Ethiopia,38.54571650656999,6.664183271209107,3:0,2:0,Ethiopia:0
HV1:MZ:Niassa,Mozambique,36.464139927513855,-13.05946881125221,3:-2,2:-1,Mozambique:0
HV1:ML:Tombouctou,Mali,-2.687361794433002,16.099096064914033,-1:1,-1:1,Mali:1
HV1:NE:Tillaberi,Niger,2.187298186510924,14.183050789258001,0:1,0:0,Niger:1
HV1:MW:Central,Malawi,33.825526959986,-13.62307390297142,3:-2,2:-1,Malawi:0
HV1:MW:Northern,Malawi,33.74032436013197,-11.098810351497981,3:-2,2:-1,Malawi:0
HV1:MW:Southern,Malawi,35.159976734044754,-15.415985472795326,3:-2,2:-2,Malawi:0
CH01,CH,7.219262608103469,46.342351473157876,0:4,0:3,CH:1
CH02,CH,7.427938767308407,46.899944603969196,0:4,0:3,CH:1
CH03,CH,8.027549412291938,47.425515097128496,0:4,0:3,CH:1
CH04,CH,8.652975157487537,47.41352090207659,0:4,0:3,CH:0
CH05,CH,9.452264221059758,46.90794847901635,0:4,0:3,CH:0
CH06,CH,8.423982313809566,46.96891197630937,0:4,0:3,CH:0
CH07,CH,8.813532643974051,46.29079151102214,0:4,0:3,CH:0
EL11,EL,25.12538856853734,41.1907647473736,2:4,1:2,EL:2
EL12,EL,22.963129555905695,40.73473428846723,2:4,1:2,EL:1
EL22,EL,20.401224465343752,38.59266231012987,2:3,1:2,EL:0
EL30,EL,23.603594405273494,37.8027167356291,2:3,1:2,EL:0
EL41,EL,26.079749966898856,38.82823698475114,2:3,1:2,EL:2
EL42,EL,26.305074988180927,36.72756342794498,2:3,1:2,EL:2
EL43,EL,24.8011681977535,35.22663884906163,2:3,1:2,EL:0
EL51,EL,25.1365400457606,41.15829491783839,2:4,1:2,EL:2
EL52,EL,22.958003618992233,40.736089332087495,2:4,1:2,EL:1
EL53,EL,21.48150732526901,40.366289565792,2:4,1:2,EL:1
EL54,EL,20.782219872440535,39.60339750219745,2:3,1:2,EL:1
EL61,EL,22.22508648373436,39.53448073114255,2:3,1:2,EL:1
EL62,EL,20.447102892054414,38.603194202948835,2:3,1:2,EL:0
EL63,EL,21.576359948275726,38.28543486455882,2:3,1:2,EL:0
EL64,EL,22.841546717134026,38.6553192672091,2:3,1:2,EL:0
EL65,EL,22.45638366717322,37.36189096148178,2:3,1:2,EL:0
HR02,HR,17.29485901897821,45.43122897075986,1:4,1:3,HR:0
HR03,HR,15.588156090103311,44.34006512067024,1:4,1:2,HR:0
IE01,IE,-8.243521545987578,53.88943674464693,-1:5,-1:3,IE:0
IE02,IE,-8.084611430630705,52.51600628224018,-1:5,-1:3,IE:0
PT11,PT,-7.682710487390674,41.45490244138924,-1:4,-1:2,PT:0
PT15,PT,-8.13269742445259,37.24164213254198,-1:3,-1:2,PT:0
PT16,PT,-7.993348380410638,40.128491825106245,-1:4,-1:2,PT:0
PT17,PT,-9.045340346434322,38.730912240151554,-1:3,-1:2,PT:0
PT18,PT,-8.011057111463817,38.49062144385219,-1:3,-1:2,PT:0
PT20,PT,-27.37413853311152,38.38319591220618,-3:3,-2:2,PT:0
