country,area_km2
Angola,59963.65607873374
Benin,5235.298999423154
Brazil,194312.26889985582
Burkina Faso,18573.93128402369
CH,4369.1597397851665
Canada,652360.6999556794
Chad,33071.94901151934
EL,9393.810565283244
Ethiopia,52550.26696460809
Ghana,11357.154134420816
HR,23876.327449607168
IE,
Indonesia,42145.98385785423
Lesotho,2891.3437917556976
Malawi,32906.82374501651
Mali,81412.5297570272
Mauritania,43075.89409943433
Mozambique,76616.29818756616
Niger,106365.6171689133
Nigeria,21302.910640198945
PT,5048.4732268821745
Pakistan,173105.57933575666
SI,10072.982605367744
Senegal,10584.030465323873
South Africa,125754.51983681295
Sudan,55126.68819767707
"Tanzania, United Republic of",29218.62791532468
United States,146652.19191904837
Zambia,72548.20094249333
