dataset,source,url,access_date_utc,version,doi,license,archive_filename,size_bytes,sha256,download_method,spatial_temporal_coverage,missingness
FAOSTAT QCL (via OWID garden mirror),FAO / Our World in Data,https://catalog.ourworldindata.org/garden/faostat/2026-02-25/faostat_qcl/faostat_qcl.feather,2026-10-03,OWID garden 2026-02-25 (FAOSTAT current),NA,CC BY (OWID mirror); underlying FAO terms,faostat_qcl_2026-02-25.feather,35865698,775932b0f9a58122826b080105a801e041af479437af4a154186eb1e35829ab3,HTTPS GET (FAO bulk host unreachable from VM; OWID mirror used),254 countries x 169 items x 1961-2024; area harvested/yield/production,reporting gaps concentrated in small states; filtered to >=10yr/windows
MapSPAM 2005 v3.2 harvested area,IFPRI / Harvard Dataverse,https://dataverse.harvard.edu/api/access/datafile/3086558,2026-10-03,v3.2,doi:10.7910/DVN/DHXBJX,CC0/Dataverse terms,mapspam/spam2005v3r2_global_harv_area.geotiff.zip,120715718,404e43efa823f43b278ecd79a9a10ee307f76b34a33d16e133e1e4f667bc2ce3,Dataverse API file download (follow redirect),"global 5-arcmin, 42 crops x irrigated/rainfed/etc",model-allocated; no uncertainty fields in geotiff
MapSPAM 2010 v2.0 harvested area,IFPRI / Harvard Dataverse,https://dataverse.harvard.edu/api/access/datafile/3985008,2026-10-03,v2.0,doi:10.7910/DVN/PRFF8V,CC0/Dataverse terms,mapspam/spam2010v2r0_global_harv_area.geotiff.zip,143651190,3fc0d52e075cad00dfc857ca033d54e44326fd4c57ae8da7bc14f9f0ba3f3dc6,Dataverse API file download,"global 5-arcmin, 42 crops x production systems",latest GLOBAL release; 2017 covers only SSA
MapSPAM 2005 readme,IFPRI/Dataverse,https://dataverse.harvard.edu/api/access/datafile/3086282,2026-10-03,v3.2,doi:10.7910/DVN/DHXBJX,CC0,mapspam/ReadMe_2005.txt,4657,3831cd91cbddb7998d8ce15f2ff97af1b0015b0f1c17795b364ef3d91f1eaee5,Dataverse API,documentation,NA
MapSPAM 2010 readme,IFPRI/Dataverse,https://dataverse.harvard.edu/api/access/datafile/3984174,2026-10-03,v2.0,doi:10.7910/DVN/PRFF8V,CC0,mapspam/ReadMe_2010.txt,6639,9d75acf6acbdd90c4a50cbac05a2ea6a7159496e04a236738c5370843ea9770b,Dataverse API,documentation,NA
GAEZ v4 suitability index in classes,FAO/IIASA via GCS fao-gismgr-gaez-v4-data,https://storage.googleapis.com/fao-gismgr-gaez-v4-data/DATA/GAEZ-V4/MAPSET/RES05-SCI/,2026-10-03,GAEZ v4 (2021),NA,GAEZ terms (non-commercial attribution),gaez/GAEZ-V4.RES05-SCI.TP-2010.COT.tif,436902,03b31bb8494a23ffe19c16fe9592a03e1af7e97b7470b8dc0fa9862cd37d25e4,GCS bucket listing + GET,5-arcmin global; WHE/COT/SUC; 1981-2010 CRUTS32 + 2041-2070 ENSEMBLE RCP8.5,public mirror carries only 3 crops x 1 scenario x 2 periods
GAEZ v4 suitability index in classes,FAO/IIASA via GCS fao-gismgr-gaez-v4-data,https://storage.googleapis.com/fao-gismgr-gaez-v4-data/DATA/GAEZ-V4/MAPSET/RES05-SCI/,2026-10-03,GAEZ v4 (2021),NA,GAEZ terms (non-commercial attribution),gaez/GAEZ-V4.RES05-SCI.TP-2010.SUC.tif,375532,5289d8e36ede2af35f2f4fcce784c60ad038b82d8f8f83fa6ed498e5d54307aa,GCS bucket listing + GET,5-arcmin global; WHE/COT/SUC; 1981-2010 CRUTS32 + 2041-2070 ENSEMBLE RCP8.5,public mirror carries only 3 crops x 1 scenario x 2 periods
GAEZ v4 suitability index in classes,FAO/IIASA via GCS fao-gismgr-gaez-v4-data,https://storage.googleapis.com/fao-gismgr-gaez-v4-data/DATA/GAEZ-V4/MAPSET/RES05-SCI/,2026-10-03,GAEZ v4 (2021),NA,GAEZ terms (non-commercial attribution),gaez/GAEZ-V4.RES05-SCI.TP-2010.WHE.tif,545314,1d906a520259cf370998bfb5fe77d2788e9e524587dc5a23c620dfa8d2fc0940,GCS bucket listing + GET,5-arcmin global; WHE/COT/SUC; 1981-2010 CRUTS32 + 2041-2070 ENSEMBLE RCP8.5,public mirror carries only 3 crops x 1 scenario x 2 periods
GAEZ v4 suitability index in classes,FAO/IIASA via GCS fao-gismgr-gaez-v4-data,https://storage.googleapis.com/fao-gismgr-gaez-v4-data/DATA/GAEZ-V4/MAPSET/RES05-SCI/,2026-10-03,GAEZ v4 (2021),NA,GAEZ terms (non-commercial attribution),gaez/GAEZ-V4.RES05-SCI.TP-2070.COT.tif,498565,d3bdaf37c29dc837b8c13e0e78daa413adb89e513d7f4840645cc88338cc3550,GCS bucket listing + GET,5-arcmin global; WHE/COT/SUC; 1981-2010 CRUTS32 + 2041-2070 ENSEMBLE RCP8.5,public mirror carries only 3 crops x 1 scenario x 2 periods
GAEZ v4 suitability index in classes,FAO/IIASA via GCS fao-gismgr-gaez-v4-data,https://storage.googleapis.com/fao-gismgr-gaez-v4-data/DATA/GAEZ-V4/MAPSET/RES05-SCI/,2026-10-03,GAEZ v4 (2021),NA,GAEZ terms (non-commercial attribution),gaez/GAEZ-V4.RES05-SCI.TP-2070.SUC.tif,371121,ea800501fbb5a376b62878768ec44541cd9ab46442ae7bde4bad41e085a3bf61,GCS bucket listing + GET,5-arcmin global; WHE/COT/SUC; 1981-2010 CRUTS32 + 2041-2070 ENSEMBLE RCP8.5,public mirror carries only 3 crops x 1 scenario x 2 periods
GAEZ v4 suitability index in classes,FAO/IIASA via GCS fao-gismgr-gaez-v4-data,https://storage.googleapis.com/fao-gismgr-gaez-v4-data/DATA/GAEZ-V4/MAPSET/RES05-SCI/,2026-10-03,GAEZ v4 (2021),NA,GAEZ terms (non-commercial attribution),gaez/GAEZ-V4.RES05-SCI.TP-2070.WHE.tif,589604,989c082f4797a1e84a2946508705d723209a056f166f369178c0b8776b7a95ea,GCS bucket listing + GET,5-arcmin global; WHE/COT/SUC; 1981-2010 CRUTS32 + 2041-2070 ENSEMBLE RCP8.5,public mirror carries only 3 crops x 1 scenario x 2 periods
GAEZ v4 attainable yield,FAO/IIASA via GCS,https://storage.googleapis.com/fao-gismgr-gaez-v4-data/DATA/GAEZ-V4/MAPSET/RES05-YLDL/,2026-10-03,GAEZ v4 (2021),NA,GAEZ terms,gaez/GAEZ-V4.RES05-YLDL.TP-2010.COT.tif,1688776,8cf055cfe138e7a6293d163453ea160cb7daa7692cd1ef5f2a4c3fd6ac997266,GCS GET,same coverage as RES05-SCI,same limitation
GAEZ v4 attainable yield,FAO/IIASA via GCS,https://storage.googleapis.com/fao-gismgr-gaez-v4-data/DATA/GAEZ-V4/MAPSET/RES05-YLDL/,2026-10-03,GAEZ v4 (2021),NA,GAEZ terms,gaez/GAEZ-V4.RES05-YLDL.TP-2010.SUC.tif,1714114,d422049176ad637061b002ef13ee7bfcd23b44937fca00153a66ec3a321f60bc,GCS GET,same coverage as RES05-SCI,same limitation
GAEZ v4 attainable yield,FAO/IIASA via GCS,https://storage.googleapis.com/fao-gismgr-gaez-v4-data/DATA/GAEZ-V4/MAPSET/RES05-YLDL/,2026-10-03,GAEZ v4 (2021),NA,GAEZ terms,gaez/GAEZ-V4.RES05-YLDL.TP-2010.WHE.tif,3036655,7eb8a6a7c41e33e8e839ffad687b111bbd75e24dbe197a4649dc70845fd33093,GCS GET,same coverage as RES05-SCI,same limitation
GAEZ v4 attainable yield,FAO/IIASA via GCS,https://storage.googleapis.com/fao-gismgr-gaez-v4-data/DATA/GAEZ-V4/MAPSET/RES05-YLDL/,2026-10-03,GAEZ v4 (2021),NA,GAEZ terms,gaez/GAEZ-V4.RES05-YLDL.TP-2070.COT.tif,2236012,253f81de267df6c4d2bd306af29ff175bd245c8aa7e9081bffee6e8f2382ec06,GCS GET,same coverage as RES05-SCI,same limitation
GAEZ v4 attainable yield,FAO/IIASA via GCS,https://storage.googleapis.com/fao-gismgr-gaez-v4-data/DATA/GAEZ-V4/MAPSET/RES05-YLDL/,2026-10-03,GAEZ v4 (2021),NA,GAEZ terms,gaez/GAEZ-V4.RES05-YLDL.TP-2070.SUC.tif,1848852,3ef494fa9aec191a60264cdab91ef8594bfa31c0983b45a92bcc293b8f3d58e1,GCS GET,same coverage as RES05-SCI,same limitation
GAEZ v4 attainable yield,FAO/IIASA via GCS,https://storage.googleapis.com/fao-gismgr-gaez-v4-data/DATA/GAEZ-V4/MAPSET/RES05-YLDL/,2026-10-03,GAEZ v4 (2021),NA,GAEZ terms,gaez/GAEZ-V4.RES05-YLDL.TP-2070.WHE.tif,3737581,10601b1495184309033229a28e1116a8eb0506eaca563a10cb04207b9e48fa23,GCS GET,same coverage as RES05-SCI,same limitation
GAEZ v4 metadata,FAO/IIASA GCS,https://storage.googleapis.com/fao-gismgr-gaez-v4-data/DATA/GAEZ-V4/,2026-10-03,v4,NA,GAEZ terms,gaez/GAEZ-V4.RES05-SCI.json,2456,98935dd861e2902d5ef2c28274df8a14b65aa4927f0309454f8c8e05fa760587,GCS GET,mapset/dimension metadata,NA
GAEZ v4 metadata,FAO/IIASA GCS,https://storage.googleapis.com/fao-gismgr-gaez-v4-data/DATA/GAEZ-V4/,2026-10-03,v4,NA,GAEZ terms,gaez/GAEZ-V4.RES05-YLDL.json,1497,0949a0f514668361ae50bd8f30f5c722c3d82b7ff4c3f6241ababb9bcb7937f9,GCS GET,mapset/dimension metadata,NA
GAEZ v4 metadata,FAO/IIASA GCS,https://storage.googleapis.com/fao-gismgr-gaez-v4-data/DATA/GAEZ-V4/,2026-10-03,v4,NA,GAEZ terms,gaez/GAEZ-V4.json,961,f941b8a444abbf1547a393ffd73514e7182e1250b30602a055785c8adf557299,GCS GET,mapset/dimension metadata,NA
"MIRCA2000 (calendars, unit codes, cell areas, max cropped area)",Uni Frankfurt / Zenodo,https://zenodo.org/records/7422506,2026-10-03,MIRCA2000 (c.2000),doi:10.5281/zenodo.7422506,CC BY,mirca/cell_area_grid.zip,26028,fe766edd8858deccc84ae22e9292573842ce107f0af84f252321b1984a62e38b,Zenodo API,"5-arcmin global monthly cropping calendars, 26 crops",baseline year ~2000 - temporal mismatch flagged
"MIRCA2000 (calendars, unit codes, cell areas, max cropped area)",Uni Frankfurt / Zenodo,https://zenodo.org/records/7422506,2026-10-03,MIRCA2000 (c.2000),doi:10.5281/zenodo.7422506,CC BY,mirca/condensed_cropping_calendars.zip,107106,c90abca703ba40824d6c5c8ac6af8dec1d503a16b049ab68c3dee82225419a17,Zenodo API,"5-arcmin global monthly cropping calendars, 26 crops",baseline year ~2000 - temporal mismatch flagged
"MIRCA2000 (calendars, unit codes, cell areas, max cropped area)",Uni Frankfurt / Zenodo,https://zenodo.org/records/7422506,2026-10-03,MIRCA2000 (c.2000),doi:10.5281/zenodo.7422506,CC BY,mirca/maximum_cropped_area_grid.zip,15470202,a8458a2e715de7625998ead66c6c6694407336c6ed5c8350857f922bf6d058c5,Zenodo API,"5-arcmin global monthly cropping calendars, 26 crops",baseline year ~2000 - temporal mismatch flagged
"MIRCA2000 (calendars, unit codes, cell areas, max cropped area)",Uni Frankfurt / Zenodo,https://zenodo.org/records/7422506,2026-10-03,MIRCA2000 (c.2000),doi:10.5281/zenodo.7422506,CC BY,mirca/unit_code_grid.zip,226288,8e0a2175965961303349d67ae50a896c278f6ba9d17d7a01fbdf5ced320bb1fc,Zenodo API,"5-arcmin global monthly cropping calendars, 26 crops",baseline year ~2000 - temporal mismatch flagged
ISIMIP3b LPJmL maize yield change,ISIMIP / Jaegermeyr2021 derived outputs,https://files.isimip.org/ISIMIP3b/DerivedOutputData/Jaegermeyr2021/LPJmL/,2026-10-03,ISIMIP3b,doi:10.48364/ISIMIP.* (per dataset),CC BY 4.0,isimip/lpjml_gfdl-esm4_w5e5_ssp585_2015soc_default_yieldchange-mai_global_annual_2015_2099.nc,18540722,a1826e7513f25aa62dd1062d6da6a41c4d87e45d90395d965ee1287c1a79f9d2,ISIMIP API dataset lookup + files.isimip.org GET,"global 0.5deg, annual 2015-2099, SSP585; GCMs: GFDL-ESM4, IPSL-CM6A-LR","yieldchange ratio, not absolute yield"
ISIMIP3b LPJmL maize yield change,ISIMIP / Jaegermeyr2021 derived outputs,https://files.isimip.org/ISIMIP3b/DerivedOutputData/Jaegermeyr2021/LPJmL/,2026-10-03,ISIMIP3b,doi:10.48364/ISIMIP.* (per dataset),CC BY 4.0,isimip/lpjml_ipsl-cm6a-lr_w5e5_ssp585_2015soc_default_yieldchange-mai_global_annual_2015_2099.nc,18615847,33e10ef79c853fc2a456b8f80715810687bed72b0a937da2cbdff6e98f8f0972,ISIMIP API dataset lookup + files.isimip.org GET,"global 0.5deg, annual 2015-2099, SSP585; GCMs: GFDL-ESM4, IPSL-CM6A-LR","yieldchange ratio, not absolute yield"
GGCMI phase3 crop calendar,ISIMIP3a input,https://files.isimip.org/ISIMIP3a/InputData/socioeconomic/crop_calendar/2015soc/,2026-10-03,2015soc,NA,CC BY 4.0,isimip/ggcmi-crop-calendar-phase3_2015soc_bar_firr.nc,70751,7c90b560c8bb774b7388ae03b76b1e538bff01bc3db0b5703a20644bacf77490,files.isimip.org GET,"global 0.5deg crop calendar (barley, fully irrigated)",NA
"SPEIbase v2.11, 1-month",CSIC,https://spei.csic.es/spei_database_2_11/nc/spei01.nc,2026-10-03,2.11,doi:10.20350/digitalCSIC/8508,open,spei/spei01.nc,382492827,960ac5e8eef68c37a5db91cbe987aa2d49d98e4b711afc0bbce81c19d0392014,HTTPS GET,global 0.5deg monthly 1901-2023,NA
"SPEIbase v2.11, 12-month",CSIC,https://spei.csic.es/spei_database_2_11/nc/spei12.nc,2026-10-03,2.11,doi:10.20350/digitalCSIC/8508,open,spei/spei12.nc,380954035,0a1709e6df50e6e6aa80709affc08d10f6a6765dde1c0a0ffe72d71a4c34cfe1,HTTPS GET,global 0.5deg monthly 1901-2023,NA
NASA POWER agroclimatology API,NASA,https://power.larc.nasa.gov/api/,2026-10-03,current,NA,public domain,(API),NA,NA,"reachability verified (200 JSON); per-query API, no bulk file persisted at freeze","0.5deg daily/meteorological incl T2M, PRECTOTCORR",NA
