country,units,per_sd,hhi_sd,jsd_mean
Angola,16,0.0,0.09461430844761458,0.3349683610053611
BA,1,,,0.06400127962263331
BE,1,,,0.22564090957831576
BG,1,,,0.17455302528796385
Benin,11,0.0,0.14719680813330385,0.2614483112391165
Brazil,16,0.11235422160812583,0.1009970801772069,0.28531285986072485
Burkina Faso,26,0.0,0.10974795565631247,0.3287854770796279
CH,9,0.016662761104757624,0.056511302773102436,0.016316237277640314
CY,3,0.0,0.0,0.1684831738371003
CZ,1,,,0.09738771447721742
Canada,9,0.0,0.07558147019174224,0.2710707169817146
Chad,18,0.0,0.2293339407950045,0.1709301584194332
DE,1,,,0.13177441602771148
EE,3,0.0,0.0,0.12708119072860094
EL,30,0.2267449764125201,0.1369664472221313,0.09287670180018857
Ethiopia,21,0.06788174846993032,0.23360749816813497,0.3023712871732709
FR,1,,,0.10654745379060815
Ghana,16,0.0,0.07656210735568904,0.2044871237451709
HR,4,0.04049644601530506,0.10160163732989523,0.16945913989138264
IE,4,9.304696793501415e-05,0.012107724544934218,0.020881069945178216
IT,1,,,0.16958607703731793
Indonesia,30,0.0,0.20433843320772574,0.658678365010908
Kenya,1,,,0.09924226870158995
LT,2,0.029049927938383627,0.1598814280116741,0.21662316670994236
LU,3,0.0,0.0,0.06352753402751378
Lesotho,10,0.0,0.13886040283089235,0.23170555105523244
ME,2,0.0,0.0,0.014915447327226265
MT,3,0.0,0.0,0.14519871485838662
Malawi,3,0.18035356763148616,0.10265946308649679,0.2974880318876784
Mali,7,0.0,0.13352848751113225,0.21876417835940018
Mauritania,2,0.0,0.10861270777250984,0.0961214803102575
Mozambique,10,0.0,0.08665856365525432,0.3444118934523268
NL,1,,,0.22771252120901642
Niger,7,0.005427323995582108,0.1012034495243873,0.24041435530485097
Nigeria,37,0.0,0.06503279952106526,0.3657453732690096
PL,1,,,0.3376109573307485
PT,11,0.18391938503310257,0.2431027384336869,0.08882958041791084
Pakistan,4,0.081952625245047,0.048591626632689074,0.10317309711022643
RO,1,,,0.05964839666374325
RS,1,,,0.06475495148420415
SE,1,,,0.09752169370516188
SI,4,0.020337331560565133,0.014279431245892671,0.1128773740956244
Senegal,12,0.0,0.09584769278828968,0.3104455096605648
Somalia,1,,,0.38314826148976144
South Africa,9,0.0,0.14695990599269662,0.2230640022790145
Sudan,13,0.0,0.15057936738803648,0.23601090277865108
"Tanzania, United Republic of",30,0.0,0.14686434736041737,0.33766094048068845
Togo,1,,,0.4598910492777745
United States,50,0.012267997261391942,0.19167394219533698,0.1335762580500387
XK,1,,,0.05230975033844767
Zambia,10,0.0,0.13814111899831263,0.24429055669549435
