iso3,variant,mismatch
COD,primary,0.6070331112399817
COD,old_ladder,0.6490130096734423
COD,lagged,0.8789807524086515
COD,pre_treatment,0.7921224900989688
COD,future,0.390981326606573
FIN,primary,0.5569162776700768
FIN,old_ladder,0.5346070916837651
FIN,lagged,0.5033923556411025
FIN,pre_treatment,0.5467139528235414
FIN,future,0.5643209167176383
DMA,primary,
DMA,old_ladder,
DMA,lagged,
DMA,pre_treatment,
DMA,future,
NOR,primary,0.2644889361841749
NOR,old_ladder,0.23565112347765718
NOR,lagged,0.17441988311259826
NOR,pre_treatment,0.12803993621902918
NOR,future,0.3370649215625129
BTN,primary,0.9299663310593995
BTN,old_ladder,0.8769253851399526
BTN,lagged,0.511758092899501
BTN,pre_treatment,0.40990388943500866
BTN,future,1.2643013499404763
ZMB,primary,0.11395810149494635
ZMB,old_ladder,0.1334291574721887
ZMB,lagged,0.3854632692576399
ZMB,pre_treatment,0.645919663240394
ZMB,future,0.19214561343416253
PAK,primary,0.5490356946602448
PAK,old_ladder,0.4927706972139361
PAK,lagged,0.22158509405367727
PAK,pre_treatment,0.1069718571231056
PAK,future,0.788163138847657
GIN,primary,0.5059013425091934
GIN,old_ladder,0.6120737439557727
GIN,lagged,1.3096369117603954
GIN,pre_treatment,0.5810027244484817
GIN,future,0.661208491126983
ITA,primary,0.6406928274655221
ITA,old_ladder,0.5599376831740762
ITA,lagged,0.5074190317276969
ITA,pre_treatment,0.25286117365155264
ITA,future,0.6444476482667771
IDN,primary,0.4678139624670678
IDN,old_ladder,0.4645040232898041
IDN,lagged,0.3140971478998075
IDN,pre_treatment,0.12589532036081622
IDN,future,0.6056196344323809
BRB,primary,0.9574346338995913
BRB,old_ladder,0.8547322972635207
BRB,lagged,1.1261127504222612
BRB,pre_treatment,0.43868986578616537
BRB,future,0.7405015609904684
BRN,primary,
BRN,old_ladder,
BRN,lagged,
BRN,pre_treatment,
BRN,future,
MDV,primary,
MDV,old_ladder,
MDV,lagged,
MDV,pre_treatment,
MDV,future,
CPV,primary,
CPV,old_ladder,
CPV,lagged,
CPV,pre_treatment,
CPV,future,
ARE,primary,
ARE,old_ladder,
ARE,lagged,
ARE,pre_treatment,
ARE,future,
PYF,primary,
PYF,old_ladder,
PYF,lagged,
PYF,pre_treatment,
PYF,future,
WSM,primary,
WSM,old_ladder,
WSM,lagged,
WSM,pre_treatment,
WSM,future,
ECU,primary,0.1785546176974347
ECU,old_ladder,0.180774774588313
ECU,lagged,0.30028550554528255
ECU,pre_treatment,0.20519122208143312
ECU,future,0.13332365817553524
DJI,primary,
DJI,old_ladder,
DJI,lagged,
DJI,pre_treatment,
DJI,future,
MDA,primary,1.2819443633866021
MDA,old_ladder,
MDA,lagged,
MDA,pre_treatment,0.7830176650442895
MDA,future,1.5194715755984287
AUS,primary,0.30804460427903757
AUS,old_ladder,0.31062985479941424
AUS,lagged,0.20931757010238544
AUS,pre_treatment,0.09145633843597156
AUS,future,0.409171611429343
HUN,primary,1.3364068862724028
HUN,old_ladder,1.2901360334683514
HUN,lagged,1.0159977230831554
HUN,pre_treatment,0.40034409827229306
HUN,future,1.5780973416511712
AFG,primary,0.9139904219824818
AFG,old_ladder,0.7709782512965511
AFG,lagged,0.23430312091686975
AFG,pre_treatment,0.15653142022276664
AFG,future,1.3685030033421857
CIV,primary,
CIV,old_ladder,
CIV,lagged,
CIV,pre_treatment,
CIV,future,
SWZ,primary,0.7976165637327449
SWZ,old_ladder,1.0104770003142707
SWZ,lagged,1.1095402592991752
SWZ,pre_treatment,1.377836293998896
SWZ,future,0.7504965751233933
DEU,primary,0.7328091190337599
DEU,old_ladder,0.6969590873461761
DEU,lagged,0.46401939398950237
DEU,pre_treatment,0.4482908000138898
DEU,future,0.9787059034084041
PNG,primary,0.20656436405895945
PNG,old_ladder,0.2120540997999112
PNG,lagged,0.2801949158984171
PNG,pre_treatment,0.7058063612756441
PNG,future,0.14582264482961774
IND,primary,0.32875087420725285
IND,old_ladder,0.30772255337267246
IND,lagged,0.21957666951453692
IND,pre_treatment,0.11008124665690291
IND,future,0.3985939660402516
MUS,primary,0.581132412961166
MUS,old_ladder,0.6457088944489793
MUS,lagged,0.5457332186487077
MUS,pre_treatment,0.04234708790533862
MUS,future,0.6952169604758328
TLS,primary,
TLS,old_ladder,
TLS,lagged,
TLS,pre_treatment,
TLS,future,
ZWE,primary,0.10566273521070511
ZWE,old_ladder,0.10179216226065795
ZWE,lagged,0.0594417068856192
ZWE,pre_treatment,0.18094412890300096
ZWE,future,0.15670776309862364
TUV,primary,
TUV,old_ladder,
TUV,lagged,
TUV,pre_treatment,
TUV,future,
CYP,primary,0.5286700403864663
CYP,old_ladder,0.6337082697891183
CYP,lagged,0.4961834414664915
CYP,pre_treatment,0.16960391492861684
CYP,future,0.683606245060133
VCT,primary,0.329739749659005
VCT,old_ladder,0.21522878350988328
VCT,lagged,0.14133347425720047
VCT,pre_treatment,0.49343373880722874
VCT,future,0.517953311332843
GAB,primary,0.6526273818823204
GAB,old_ladder,0.6229417010235078
GAB,lagged,0.4897547722415783
GAB,pre_treatment,0.9979028685901076
GAB,future,0.7830834623939057
OMN,primary,
OMN,old_ladder,
OMN,lagged,
OMN,pre_treatment,
OMN,future,
UKR,primary,0.9025400443065827
UKR,old_ladder,
UKR,lagged,
UKR,pre_treatment,0.36589159759939527
UKR,future,0.9248004659896797
CRI,primary,1.6898135609801679
CRI,old_ladder,1.6547944772176317
CRI,lagged,1.1572165546373157
CRI,pre_treatment,0.38519964334181056
CRI,future,2.126131175908582
BWA,primary,0.312510293220644
BWA,old_ladder,0.2930783070690892
BWA,lagged,0.19435608698212775
BWA,pre_treatment,0.3381060464758485
BWA,future,0.3994312948105612
HND,primary,1.430056896837475
HND,old_ladder,1.436650112696347
HND,lagged,1.1990552834028712
HND,pre_treatment,1.0699925884249166
HND,future,1.6239475875970124
ESP,primary,0.16200798468239044
ESP,old_ladder,0.14570487711993882
ESP,lagged,0.043606256839252545
ESP,pre_treatment,0.12071456539654477
ESP,future,0.2526131620349794
LBR,primary,0.49298482916038366
LBR,old_ladder,0.5666090312752167
LBR,lagged,1.1035273587571126
LBR,pre_treatment,1.0358007231315896
LBR,future,0.31369701330878036
LKA,primary,1.3453693164422962
LKA,old_ladder,1.259581877466383
LKA,lagged,0.8563535516621205
LKA,pre_treatment,0.7919231603683711
LKA,future,1.6941970333434309
BGD,primary,2.124707851634678
BGD,old_ladder,2.1896394265392223
BGD,lagged,1.1830033412127399
BGD,pre_treatment,0.410120904849833
BGD,future,3.0514477834371165
NIU,primary,
NIU,old_ladder,
NIU,lagged,
NIU,pre_treatment,
NIU,future,
HKG,primary,
HKG,old_ladder,
HKG,lagged,
HKG,pre_treatment,
HKG,future,
BFA,primary,0.7768534484143191
BFA,old_ladder,0.7124661152594156
BFA,lagged,0.45763080435180803
BFA,pre_treatment,0.506100445688019
BFA,future,1.0126176647509098
NPL,primary,2.0404363985645055
NPL,old_ladder,1.916409147013376
NPL,lagged,1.3369995853110161
NPL,pre_treatment,0.9666283552201179
NPL,future,2.533568571528408
BGR,primary,1.659662340248192
BGR,old_ladder,1.564602372546809
BGR,lagged,1.2457340336785154
BGR,pre_treatment,0.18016481369227036
BGR,future,1.9038491591068487
GMB,primary,0.6146990525850847
GMB,old_ladder,0.5431619047632441
GMB,lagged,0.39611253380538336
GMB,pre_treatment,0.3705139121057887
GMB,future,0.7126477925455216
BEN,primary,0.5720702422639261
BEN,old_ladder,0.48700781365733464
BEN,lagged,0.40035036742531666
BEN,pre_treatment,0.1992939171091773
BEN,future,0.601520946241035
MOZ,primary,0.17753475444762587
MOZ,old_ladder,0.16732401449089296
MOZ,lagged,0.1276215386963417
MOZ,pre_treatment,0.2103118468193571
MOZ,future,0.3249315776097658
MLI,primary,0.49362006900849925
MLI,old_ladder,0.4829149730544157
MLI,lagged,0.5461100278551443
MLI,pre_treatment,0.2739194979401744
MLI,future,0.6070643776468662
CAN,primary,0.14564739366234103
CAN,old_ladder,0.14683058954188294
CAN,lagged,0.15718287527287603
CAN,pre_treatment,0.06541995028081668
CAN,future,0.13639034321125695
COM,primary,0.5628626223762708
COM,old_ladder,0.47730004548871363
COM,lagged,0.5357274634517055
COM,pre_treatment,0.07345011238536515
COM,future,0.9424153912216542
MAR,primary,0.31836442897702155
MAR,old_ladder,0.2775608043834064
MAR,lagged,0.30486498557651953
MAR,pre_treatment,0.05898502788184384
MAR,future,0.26267848602102983
POL,primary,
POL,old_ladder,
POL,lagged,
POL,pre_treatment,
POL,future,
CHN,primary,0.20375855927731742
CHN,old_ladder,0.2087998489536287
CHN,lagged,0.11574519605441806
CHN,pre_treatment,0.08395745422642527
CHN,future,0.2938275802532125
SLV,primary,1.643327600760361
SLV,old_ladder,1.559504411653292
SLV,lagged,1.4267399660405655
SLV,pre_treatment,1.8269615602734073
SLV,future,1.711048745248758
PRK,primary,0.2731520709360182
PRK,old_ladder,0.25230519190110257
PRK,lagged,0.13873584460106184
PRK,pre_treatment,0.5418241449184766
PRK,future,0.46939963751217806
IRL,primary,0.38504972422533684
IRL,old_ladder,0.30414513705952567
IRL,lagged,0.30835570669081686
IRL,pre_treatment,0.4134885406501037
IRL,future,0.5250568916660494
BRA,primary,0.402767723535124
BRA,old_ladder,0.394837981680654
BRA,lagged,0.18693220512710643
BRA,pre_treatment,0.14498366991883754
BRA,future,0.598696534420447
ATG,primary,
ATG,old_ladder,
ATG,lagged,
ATG,pre_treatment,
ATG,future,
MRT,primary,0.9847797668186681
MRT,old_ladder,0.892627809046613
MRT,lagged,0.37115277971209404
MRT,pre_treatment,0.22221604214183915
MRT,future,1.577161391340808
TWN,primary,0.35420725840528755
TWN,old_ladder,0.4768220647980023
TWN,lagged,0.3906038588916176
TWN,pre_treatment,0.23210343295775476
TWN,future,0.4812277262401599
MKD,primary,1.105626411951286
MKD,old_ladder,
MKD,lagged,
MKD,pre_treatment,0.0365549254376427
MKD,future,1.050314439280882
LAO,primary,0.5957844123554304
LAO,old_ladder,0.4933355660254839
LAO,lagged,1.1576683289494305
LAO,pre_treatment,0.8816570144557225
LAO,future,0.31493511875137536
TTO,primary,1.756808688717932
TTO,old_ladder,1.7042400409544793
TTO,lagged,1.4323097022995872
TTO,pre_treatment,1.0350122061275342
TTO,future,1.9714651378677241
GRD,primary,
GRD,old_ladder,
GRD,lagged,
GRD,pre_treatment,
GRD,future,
KAZ,primary,0.4943540334516444
KAZ,old_ladder,
KAZ,lagged,
KAZ,pre_treatment,0.13036401562666944
KAZ,future,0.5472549953878065
STP,primary,
STP,old_ladder,
STP,lagged,
STP,pre_treatment,
STP,future,
AZE,primary,0.593981393589509
AZE,old_ladder,
AZE,lagged,
AZE,pre_treatment,0.39346676732570096
AZE,future,0.8781550818251311
PER,primary,0.07976912257104668
PER,old_ladder,0.07726218687122072
PER,lagged,0.13751141986587392
PER,pre_treatment,0.08779715488946654
PER,future,0.04368049553722527
GHA,primary,
GHA,old_ladder,
GHA,lagged,
GHA,pre_treatment,
GHA,future,
GRC,primary,0.6024545733623203
GRC,old_ladder,0.6420050730948992
GRC,lagged,0.6238956266595533
GRC,pre_treatment,0.2447984722705729
GRC,future,0.6253324402578228
MNG,primary,0.09586400474557591
MNG,old_ladder,0.14689518078510838
MNG,lagged,0.4325295692745691
MNG,pre_treatment,0.6928554650040754
MNG,future,0.1978272728903317
EST,primary,0.44761728417279456
EST,old_ladder,
EST,lagged,
EST,pre_treatment,0.3842445187489253
EST,future,0.37992672362114854
NGA,primary,0.27981430662637297
NGA,old_ladder,0.3008517686569301
NGA,lagged,0.3839655787590836
NGA,pre_treatment,0.16764077973579108
NGA,future,0.20881549463361668
AGO,primary,0.34112057863462725
AGO,old_ladder,0.3457586052670532
AGO,lagged,0.3133140438235192
AGO,pre_treatment,0.39919426676255926
AGO,future,0.3744168740929031
KGZ,primary,0.4204274263126463
KGZ,old_ladder,
KGZ,lagged,
KGZ,pre_treatment,0.30428368191120186
KGZ,future,0.3902993913164903
NER,primary,0.5465737157975027
NER,old_ladder,0.523416044174709
NER,lagged,0.41702549331291483
NER,pre_treatment,0.49801776937476
NER,future,0.6509099418617982
IRN,primary,0.6104042498579395
IRN,old_ladder,0.5581950747381281
IRN,lagged,0.2667719234001443
IRN,pre_treatment,0.15790463108864827
IRN,future,0.8751952272384025
PRY,primary,0.16184479702963087
PRY,old_ladder,0.19059102849704793
PRY,lagged,0.257655478940978
PRY,pre_treatment,0.32611305327328044
PRY,future,0.13527073324606295
ISL,primary,
ISL,old_ladder,
ISL,lagged,
ISL,pre_treatment,
ISL,future,
QAT,primary,
QAT,old_ladder,
QAT,lagged,
QAT,pre_treatment,
QAT,future,
ISR,primary,0.599125831701751
ISR,old_ladder,0.6175496541675916
ISR,lagged,0.5515222163899949
ISR,pre_treatment,0.1955589894588607
ISR,future,0.6839630861094885
ROU,primary,1.5413083801158365
ROU,old_ladder,1.4761464848938666
ROU,lagged,1.3082957139144673
ROU,pre_treatment,0.5591790135397773
ROU,future,1.6504196983558301
CAF,primary,0.5828772601145513
CAF,old_ladder,0.6732827310748248
CAF,lagged,1.3649835181101841
CAF,pre_treatment,0.34342004342560134
CAF,future,0.8758483702645615
KEN,primary,0.1469808959152769
KEN,old_ladder,0.13987244680823901
KEN,lagged,0.12113353091763016
KEN,pre_treatment,0.14776765218919838
KEN,future,0.23238729555497717
MWI,primary,0.03872469610264611
MWI,old_ladder,0.0678239075794757
MWI,lagged,0.34407132097958665
MWI,pre_treatment,0.8995885198038345
MWI,future,0.2737737926405146
BLR,primary,
BLR,old_ladder,
BLR,lagged,
BLR,pre_treatment,
BLR,future,
COL,primary,0.2313506328775835
COL,old_ladder,0.23994112147831126
COL,lagged,0.332370117830789
COL,pre_treatment,0.08151705797928255
COL,future,0.1528509069295763
TUN,primary,0.4649141400283349
TUN,old_ladder,0.4285538916424582
TUN,lagged,0.3817326321240772
TUN,pre_treatment,0.062356576560385596
TUN,future,0.48536581240035787
TCD,primary,0.42027855486107535
TCD,old_ladder,0.40492563688212063
TCD,lagged,0.47079974795853335
TCD,pre_treatment,0.15051309864162263
TCD,future,0.5373343754967816
USA,primary,0.15398502756559296
USA,old_ladder,0.16083416711472664
USA,lagged,0.12344297468913921
USA,pre_treatment,0.08516963549522497
USA,future,0.19308182416656075
LCA,primary,0.6947645741816265
LCA,old_ladder,0.4396439908366043
LCA,lagged,0.02151270218668684
LCA,pre_treatment,
LCA,future,0.9176689374423724
JAM,primary,0.6499546305199907
JAM,old_ladder,0.6704301554406374
JAM,lagged,0.8880628132715326
JAM,pre_treatment,0.9088510605751923
JAM,future,0.4678882126696378
LBN,primary,0.23503003565313516
LBN,old_ladder,0.2582532684443847
LBN,lagged,0.3150529344837571
LBN,pre_treatment,1.0948847854768917
LBN,future,0.28596970868927923
SAU,primary,0.42052644512169135
SAU,old_ladder,0.4501955078505249
SAU,lagged,0.488008515619704
SAU,pre_treatment,0.2763537940289932
SAU,future,0.3934643898172899
SGP,primary,
SGP,old_ladder,
SGP,lagged,
SGP,pre_treatment,
SGP,future,
PHL,primary,1.0005687092421491
PHL,old_ladder,1.0623932694236762
PHL,lagged,0.8547377049190094
PHL,pre_treatment,0.5517523769923418
PHL,future,1.1972281260081454
LTU,primary,0.6478528188168627
LTU,old_ladder,
LTU,lagged,
LTU,pre_treatment,0.9533632316113861
LTU,future,0.9764156104123018
CHE,primary,0.4329114228003865
CHE,old_ladder,0.47795721120280443
CHE,lagged,0.2703309685022255
CHE,pre_treatment,0.20948665092965682
CHE,future,0.6629455372400701
SWE,primary,0.5765273461415641
SWE,old_ladder,0.5378420887748839
SWE,lagged,0.3709361556211109
SWE,pre_treatment,0.2537881991497613
SWE,future,0.7836684117899998
CHL,primary,0.14938621889011655
CHL,old_ladder,0.1359754393474712
CHL,lagged,0.05317898577185459
CHL,pre_treatment,0.08154733907171012
CHL,future,0.2221514868641815
DOM,primary,0.2616487329473489
DOM,old_ladder,0.32050926471672536
DOM,lagged,0.5030964362972102
DOM,pre_treatment,1.3308714161575388
DOM,future,0.2139615565503181
URY,primary,0.22779972404332322
URY,old_ladder,0.3507550040227696
URY,lagged,0.37950315072188645
URY,pre_treatment,0.2801756737628977
URY,future,0.2394490207114097
EGY,primary,0.3581100310599462
EGY,old_ladder,0.35418237568613
EGY,lagged,0.2805577919070821
EGY,pre_treatment,0.2865004217534533
EGY,future,0.5396039163769137
BHS,primary,
BHS,old_ladder,
BHS,lagged,
BHS,pre_treatment,
BHS,future,
HRV,primary,0.6753317416217645
HRV,old_ladder,
HRV,lagged,
HRV,pre_treatment,0.21019980430434634
HRV,future,0.8200931822884344
VEN,primary,0.5644091758144525
VEN,old_ladder,0.5804154493643913
VEN,lagged,0.5440358922774305
VEN,pre_treatment,0.06501669120998377
VEN,future,0.5955082016436389
TJK,primary,0.32248113847876125
TJK,old_ladder,
TJK,lagged,
TJK,pre_treatment,0.11870178162845339
TJK,future,0.5875769879473948
MEX,primary,0.1867505329958511
MEX,old_ladder,0.17935203998171018
MEX,lagged,0.15294367986544735
MEX,pre_treatment,0.16590484465411423
MEX,future,0.21255381580867594
COK,primary,
COK,old_ladder,
COK,lagged,
COK,pre_treatment,
COK,future,
SLB,primary,
SLB,old_ladder,
SLB,lagged,
SLB,pre_treatment,
SLB,future,
SYC,primary,
SYC,old_ladder,
SYC,lagged,
SYC,pre_treatment,
SYC,future,
SYR,primary,0.3816129309761543
SYR,old_ladder,0.4281687747780184
SYR,lagged,0.2329736898112132
SYR,pre_treatment,0.2963732508625599
SYR,future,0.6156786968357636
HTI,primary,0.3232583976578764
HTI,old_ladder,0.33736118284426136
HTI,lagged,0.33022213667954725
HTI,pre_treatment,1.0292017883014717
HTI,future,0.3318773419917749
KOR,primary,0.26710472097980087
KOR,old_ladder,0.2556214727227107
KOR,lagged,0.2326797843157559
KOR,pre_treatment,0.043998915493385776
KOR,future,0.32270299287902304
TKM,primary,0.6351388975465274
TKM,old_ladder,
TKM,lagged,
TKM,pre_treatment,0.7509078752241494
TKM,future,0.9179586331252894
ZAF,primary,0.11853637376993033
ZAF,old_ladder,0.12579782608641768
ZAF,lagged,0.09108453480534799
ZAF,pre_treatment,0.05940047530779247
ZAF,future,0.16140982981399815
CMR,primary,0.2134556296262643
CMR,old_ladder,0.1998793485557691
CMR,lagged,0.4644949880907895
CMR,pre_treatment,0.22647493967702653
CMR,future,0.4515516628326106
TGO,primary,0.47862887112619507
TGO,old_ladder,0.4124986624508714
TGO,lagged,0.3293093582022726
TGO,pre_treatment,0.3600582573579034
TGO,future,0.535290685282354
KHM,primary,0.3935135806036847
KHM,old_ladder,0.365060918036982
KHM,lagged,0.39630862652791077
KHM,pre_treatment,0.6178449760415661
KHM,future,0.37064633922995893
KWT,primary,
KWT,old_ladder,
KWT,lagged,
KWT,pre_treatment,
KWT,future,
CUB,primary,0.5183774358876335
CUB,old_ladder,0.4691911373291702
CUB,lagged,0.6363811842248677
CUB,pre_treatment,0.3478364135385756
CUB,future,0.84511603894122
GNB,primary,
GNB,old_ladder,
GNB,lagged,
GNB,pre_treatment,
GNB,future,
TZA,primary,0.13486069452236127
TZA,old_ladder,0.12001735917174981
TZA,lagged,0.26863804475973263
TZA,pre_treatment,0.15281519584972206
TZA,future,0.31720334750129037
PRI,primary,0.5939328858291976
PRI,old_ladder,0.582350500886856
PRI,lagged,0.3056406417523295
PRI,pre_treatment,0.9400751008347364
PRI,future,0.8731079436663768
BDI,primary,0.22819740050419474
BDI,old_ladder,0.16862838767930013
BDI,lagged,0.20679420526293762
BDI,pre_treatment,0.6153462667163109
BDI,future,0.1589244466345643
FSM,primary,
FSM,old_ladder,
FSM,lagged,
FSM,pre_treatment,
FSM,future,
ARG,primary,0.2320648991848438
ARG,old_ladder,0.18172843907527533
ARG,lagged,0.21576865020982047
ARG,pre_treatment,0.14725530920660493
ARG,future,0.1683210143340857
PRT,primary,0.11243202404773495
PRT,old_ladder,0.08228631878445916
PRT,lagged,0.07148773230343138
PRT,pre_treatment,0.17926814019578746
PRT,future,0.14571622736905956
PAN,primary,0.7792140868124651
PAN,old_ladder,0.8171827673998568
PAN,lagged,0.6373521842477344
PAN,pre_treatment,0.44000334139413555
PAN,future,0.9514617835147787
DNK,primary,0.8727453053418637
DNK,old_ladder,0.8113107307797189
DNK,lagged,0.5572673565144958
DNK,pre_treatment,0.389564738002011
DNK,future,1.1215623544408198
TUR,primary,0.3156012148036524
TUR,old_ladder,0.40674730448722696
TUR,lagged,0.3966067748454253
TUR,pre_treatment,0.26384582176964216
TUR,future,0.35378590824524936
BLZ,primary,1.0420389921371667
BLZ,old_ladder,1.056757888888153
BLZ,lagged,0.8020897480301683
BLZ,pre_treatment,2.815176447012756
BLZ,future,1.2910360333873432
SUR,primary,0.48774428370936346
SUR,old_ladder,0.46781684272887053
SUR,lagged,0.3483533888945167
SUR,pre_treatment,0.3514463330962234
SUR,future,0.5984166276539725
GUY,primary,0.2525646205807531
GUY,old_ladder,0.2763581213093556
GUY,lagged,0.15940799772957456
GUY,pre_treatment,0.16905895345608882
GUY,future,0.4584349795680985
DZA,primary,0.4340041442008541
DZA,old_ladder,0.4141469756983083
DZA,lagged,0.43090445056051596
DZA,pre_treatment,0.0789603420278428
DZA,future,0.3972319446779597
NAM,primary,0.2948911975208743
NAM,old_ladder,0.2615505849301681
NAM,lagged,0.15727101050720535
NAM,pre_treatment,0.37663531688321594
NAM,future,0.3923819829995062
LSO,primary,0.20947936475315762
LSO,old_ladder,0.21728524278826145
LSO,lagged,0.21880442007167436
LSO,pre_treatment,0.251061164169224
LSO,future,0.21342134697352919
ARM,primary,1.487543245819913
ARM,old_ladder,
ARM,lagged,
ARM,pre_treatment,0.19368155315336857
ARM,future,1.6695847234233945
UGA,primary,0.25753693492162005
UGA,old_ladder,0.2608165146335553
UGA,lagged,0.5146576898367555
UGA,pre_treatment,0.48105417705507797
UGA,future,0.09708425574332728
JOR,primary,0.49675533120274834
JOR,old_ladder,0.5193120411203159
JOR,lagged,0.4975864804579285
JOR,pre_treatment,0.04436335297240909
JOR,future,0.548199856863841
VNM,primary,0.1562932608577187
VNM,old_ladder,0.16963098692715703
VNM,lagged,0.16889230947831466
VNM,pre_treatment,1.6588793676964544
VNM,future,0.458007484009432
KNA,primary,0.3674964058557871
KNA,old_ladder,0.3094844768032967
KNA,lagged,0.3197046853237103
KNA,pre_treatment,
KNA,future,0.32576912675285463
AUT,primary,0.5945043176451377
AUT,old_ladder,0.5625486201854037
AUT,lagged,0.39998513212313447
AUT,pre_treatment,0.2609049449831462
AUT,future,0.7515867895389784
SEN,primary,0.4612024560525533
SEN,old_ladder,0.4138164462540777
SEN,lagged,0.29452770170800247
SEN,pre_treatment,0.23341186382527712
SEN,future,0.6061687703622874
TON,primary,
TON,old_ladder,
TON,lagged,
TON,pre_treatment,
TON,future,
SVN,primary,0.8372014905466927
SVN,old_ladder,
SVN,lagged,
SVN,pre_treatment,0.3726672512507993
SVN,future,1.0629075513567519
FJI,primary,
FJI,old_ladder,
FJI,lagged,
FJI,pre_treatment,
FJI,future,
MYS,primary,0.5300381506749953
MYS,old_ladder,0.5441347884800976
MYS,lagged,0.5278497038982638
MYS,pre_treatment,0.17832334520743334
MYS,future,0.5476256376144923
BOL,primary,0.15082435683412063
BOL,old_ladder,0.17602005228096387
BOL,lagged,0.12182349854423664
BOL,pre_treatment,0.22422739303357536
BOL,future,0.21296447733209303
MLT,primary,1.0919381102964807
MLT,old_ladder,0.9902562653237429
MLT,lagged,1.2627093064476427
MLT,pre_treatment,
MLT,future,0.8617794051892053
YEM,primary,0.15788741955563973
YEM,old_ladder,0.16797805351586664
YEM,lagged,0.19570900540710315
YEM,pre_treatment,0.1778973634876069
YEM,future,0.1677796728819028
SLE,primary,0.6064079281182854
SLE,old_ladder,0.8634931766698055
SLE,lagged,1.9732972939307276
SLE,pre_treatment,1.2779901052717784
SLE,future,0.5871973126365171
BIH,primary,0.510482834510615
BIH,old_ladder,
BIH,lagged,
BIH,pre_treatment,0.18676208726927815
BIH,future,0.6153553812741929
ALB,primary,0.6976270502560298
ALB,old_ladder,0.6805417952065443
ALB,lagged,0.7903561231200231
ALB,pre_treatment,0.118934135091697
ALB,future,0.587302192163441
NCL,primary,
NCL,old_ladder,
NCL,lagged,
NCL,pre_treatment,
NCL,future,
THA,primary,0.16810806367930406
THA,old_ladder,0.16196776933623086
THA,lagged,0.138899937825814
THA,pre_treatment,0.05438020660312332
THA,future,0.3011600649417912
NZL,primary,0.17093431883939736
NZL,old_ladder,0.23015636982789872
NZL,lagged,0.30922774760333965
NZL,pre_treatment,0.23811377324726524
NZL,future,0.1491334368688247
GBR,primary,0.511636667720169
GBR,old_ladder,0.4541338543007196
GBR,lagged,0.36754024705097144
GBR,pre_treatment,0.383216177825912
GBR,future,0.5701690811002351
NLD,primary,1.2534193415165162
NLD,old_ladder,1.2642662431730158
NLD,lagged,1.0777781705981564
NLD,pre_treatment,1.3605541116650905
NLD,future,1.4593179271651242
GEO,primary,0.3945126551018266
GEO,old_ladder,
GEO,lagged,
GEO,pre_treatment,0.1267011500005933
GEO,future,0.23508827927867312
SOM,primary,0.3298002062557012
SOM,old_ladder,0.32038069787820983
SOM,lagged,0.27292691455731694
SOM,pre_treatment,0.28493971065157325
SOM,future,0.4004897130864504
IRQ,primary,0.5120155955214915
IRQ,old_ladder,0.5500055468225313
IRQ,lagged,0.41683617565689596
IRQ,pre_treatment,0.32786524107854287
IRQ,future,0.6460918467612476
BHR,primary,
BHR,old_ladder,
BHR,lagged,
BHR,pre_treatment,
BHR,future,
JPN,primary,0.4838108666574801
JPN,old_ladder,0.5008580887272057
JPN,lagged,0.4418111136125502
JPN,pre_treatment,0.8102186824725409
JPN,future,0.5377167410938533
LVA,primary,0.347459307407416
LVA,old_ladder,
LVA,lagged,
LVA,pre_treatment,0.5096799291430805
LVA,future,0.5421057722384348
UZB,primary,0.34793644009586133
UZB,old_ladder,
UZB,lagged,
UZB,pre_treatment,0.8628085290580979
UZB,future,0.49835452279621084
GTM,primary,0.8904872135498064
GTM,old_ladder,0.8780179156698716
GTM,lagged,0.7650856996391602
GTM,pre_treatment,3.1034423648701694
GTM,future,0.9850185133208542
RWA,primary,1.0059481545452726
RWA,old_ladder,0.9119573614909249
RWA,lagged,0.8006775092345711
RWA,pre_treatment,0.8206125125641898
RWA,future,1.0581285431194773
RUS,primary,0.22431691257357364
RUS,old_ladder,
RUS,lagged,
RUS,pre_treatment,0.11722621080355776
RUS,future,0.2611243127264994
FRA,primary,0.2805968048863067
FRA,old_ladder,0.24341836358463456
FRA,lagged,0.12533886982160583
FRA,pre_treatment,0.46201738270743525
FRA,future,0.49182249204552125
MDG,primary,0.20374204592616577
MDG,old_ladder,0.19052824431071974
MDG,lagged,0.14558515275112377
MDG,pre_treatment,0.07449296528860219
MDG,future,0.26025641607509553
KIR,primary,
KIR,old_ladder,
KIR,lagged,
KIR,pre_treatment,
KIR,future,
COG,primary,0.6466387284772569
COG,old_ladder,0.6271197482900296
COG,lagged,0.8102877482599861
COG,pre_treatment,0.9554099645041326
COG,future,0.4924204465088902
GNQ,primary,
GNQ,old_ladder,
GNQ,lagged,
GNQ,pre_treatment,
GNQ,future,
LBY,primary,0.4911110682203939
LBY,old_ladder,0.5537183441782332
LBY,lagged,0.5319580513905181
LBY,pre_treatment,0.019579209026551636
LBY,future,0.5492857575670574
MMR,primary,0.5846859724635036
MMR,old_ladder,0.5165605812828707
MMR,lagged,0.09578397514935066
MMR,pre_treatment,0.3632904252640193
MMR,future,1.08204471174052
VUT,primary,0.19582036169541872
VUT,old_ladder,0.19077772851361063
VUT,lagged,0.17411336955553983
VUT,pre_treatment,0.32104040574076753
VUT,future,0.20792536362746025
NIC,primary,2.0225021213331895
NIC,old_ladder,2.012261793073829
NIC,lagged,1.7040460931890535
NIC,pre_treatment,0.25490979887900694
NIC,future,2.2505897920849764
