iso3,country,spam_crop,mismatch_thermal,mismatch_calendar,n_cells_thermal,n_cells_calendar,reg_calendar
AFG,Afghanistan,WHEA,0.7453333861934139,0.9139904219824818,215.0,215.0,ledoit-wolf common rule
ALB,Albania,WHEA,0.5841130778519763,0.6976270502560298,21.0,21.0,ledoit-wolf common rule
DZA,Algeria,WHEA,0.4434639360274546,0.4340041442008541,150.0,150.0,ledoit-wolf common rule
AGO,Angola,MAIZ,0.4369136971438878,0.34112057863462725,374.0,374.0,ledoit-wolf common rule
ATG,Antigua and Barbuda,OTHE,,,,,na
ARG,Argentina,WHEA,0.22342202280093099,0.2320648991848438,453.0,456.0,ledoit-wolf common rule
ARM,Armenia,WHEA,1.7503065234375959,1.487543245819913,16.0,16.0,ledoit-wolf common rule
AUS,Australia,WHEA,0.21118727078803642,0.30804460427903757,648.0,642.0,ledoit-wolf common rule
AUT,Austria,BARL,0.887773528556083,0.5945043176451377,35.0,35.0,ledoit-wolf common rule
AZE,Azerbaijan,WHEA,0.6478287316740864,0.593981393589509,48.0,48.0,ledoit-wolf common rule
BHS,Bahamas,OTHE,,,,,na
BHR,Bahrain,OTHE,,,,,na
BGD,Bangladesh,RICE,2.1898981661123256,2.124707851634678,63.0,63.0,ledoit-wolf common rule
BRB,Barbados,SUGC,0.9574346338995913,0.9574346338995913,2.0,2.0,ledoit-wolf common rule
BLR,Belarus,BARL,,,,,na
BLZ,Belize,SUGC,1.0420389921371667,1.0420389921371667,13.0,13.0,ledoit-wolf common rule
BEN,Benin,MAIZ,0.5130184102477118,0.5720702422639261,45.0,45.0,ledoit-wolf common rule
BTN,Bhutan,MAIZ,0.8325356343403985,0.9299663310593995,18.0,18.0,ledoit-wolf common rule
BOL,Bolivia,MAIZ,0.2954045302928836,0.15082435683412063,328.0,330.0,ledoit-wolf common rule
BIH,Bosnia and Herzegovina,MAIZ,0.5867266126080722,0.510482834510615,29.0,29.0,ledoit-wolf common rule
BWA,Botswana,SORG,0.20002187120087103,0.312510293220644,178.0,178.0,ledoit-wolf common rule
BRA,Brazil,MAIZ,0.4308289324193178,0.402767723535124,1932.0,1932.0,ledoit-wolf common rule
BRN,Brunei,OTHE,,,,,na
BGR,Bulgaria,WHEA,1.5208210018335524,1.659662340248192,53.0,53.0,ledoit-wolf common rule
BFA,Burkina Faso,SORG,0.7381070361149148,0.7768534484143191,99.0,99.0,ledoit-wolf common rule
BDI,Burundi,BEAN,0.8359667283687051,0.22819740050419474,14.0,14.0,ledoit-wolf common rule
KHM,Cambodia,RICE,0.3874430538601913,0.3935135806036847,61.0,61.0,ledoit-wolf common rule
CMR,Cameroon,SORG,0.3200001908920647,0.2134556296262643,72.0,72.0,ledoit-wolf common rule
CAN,Canada,WHEA,0.19743404409808096,0.14564739366234103,820.0,820.0,ledoit-wolf common rule
CPV,Cape Verde,OPUL,,,,,na
CAF,Central African Republic,CASS,0.7574738745947514,0.5828772601145513,181.0,181.0,ledoit-wolf common rule
TCD,Chad,MILL,0.41132050418948585,0.42027855486107535,181.0,181.0,ledoit-wolf common rule
CHL,Chile,WHEA,0.1911920741287654,0.14938621889011655,177.0,182.0,ledoit-wolf common rule
CHN,China,RICE,0.21491110678189046,0.20375855927731742,1604.0,1607.0,ledoit-wolf common rule
COL,Colombia,COFF,0.2313506328775835,0.2313506328775835,276.0,276.0,ledoit-wolf common rule
COM,Comoros,OOIL,0.6507820988748487,0.5628626223762708,4.0,3.0,ledoit-wolf common rule
COG,Congo,CASS,0.6117478452233628,0.6466387284772569,90.0,90.0,ledoit-wolf common rule
COK,Cook Islands,OOIL,,,,,na
CRI,Costa Rica,COFF,1.6898135609801679,1.6898135609801679,22.0,22.0,ledoit-wolf common rule
CIV,Cote d'Ivoire,OTHE,,,,,na
HRV,Croatia,MAIZ,0.7899751975974674,0.6753317416217645,43.0,43.0,ledoit-wolf common rule
CUB,Cuba,SUGC,0.5183774358876335,0.5183774358876335,54.0,54.0,ledoit-wolf common rule
CYP,Cyprus,BARL,0.6576468879947974,0.5286700403864663,8.0,8.0,ledoit-wolf common rule
COD,Democratic Republic of Congo,CASS,0.6724176920474557,0.6070331112399817,524.0,524.0,ledoit-wolf common rule
DNK,Denmark,BARL,1.3584540614425653,0.8727453053418637,39.0,39.0,ledoit-wolf common rule
DJI,Djibouti,BEAN,,,,,na
DMA,Dominica,BANP,0.5309498556382374,,1.0,0.0,no season months
DOM,Dominican Republic,SUGC,0.2616487329473489,0.2616487329473489,24.0,24.0,ledoit-wolf common rule
TLS,East Timor,MAIZ,,,,,na
ECU,Ecuador,MAIZ,0.19048877589083812,0.1785546176974347,77.0,77.0,ledoit-wolf common rule
EGY,Egypt,MAIZ,0.655335089325844,0.3581100310599462,47.0,47.0,ledoit-wolf common rule
SLV,El Salvador,MAIZ,1.8222573590141975,1.643327600760361,13.0,13.0,ledoit-wolf common rule
GNQ,Equatorial Guinea,OTHE,,,,,na
EST,Estonia,BARL,1.2490964514025493,0.44761728417279456,36.0,36.0,ledoit-wolf common rule
SWZ,Eswatini,MAIZ,1.0339309918607382,0.7976165637327449,9.0,9.0,ledoit-wolf common rule
FJI,Fiji,SUGC,,,,,na
FIN,Finland,BARL,0.9899078781308958,0.5569162776700768,123.0,123.0,ledoit-wolf common rule
FRA,France,WHEA,0.47921635710248917,0.2805968048863067,239.0,239.0,ledoit-wolf common rule
PYF,French Polynesia,OOIL,,,,,na
GAB,Gabon,BANP,0.652396524025933,0.6526273818823204,71.0,71.0,ledoit-wolf common rule
GMB,Gambia,GROU,0.5240440639226326,0.6146990525850847,10.0,10.0,ledoit-wolf common rule
GEO,Georgia,MAIZ,0.38575105248401714,0.3945126551018266,39.0,39.0,ledoit-wolf common rule
DEU,Germany,WHEA,1.0966120093504383,0.7328091190337599,183.0,183.0,ledoit-wolf common rule
GHA,Ghana,OTHE,,,,,na
GRC,Greece,WHEA,0.62295661915226,0.6024545733623203,99.0,99.0,ledoit-wolf common rule
GRD,Grenada,OTHE,,,,,na
GTM,Guatemala,MAIZ,0.9261595395085269,0.8904872135498064,43.0,43.0,ledoit-wolf common rule
GIN,Guinea,RICE,0.4931189525572618,0.5059013425091934,83.0,83.0,ledoit-wolf common rule
GNB,Guinea-Bissau,OTHE,,,,,na
GUY,Guyana,RICE,0.25991162593831885,0.2525646205807531,49.0,49.0,ledoit-wolf common rule
HTI,Haiti,MAIZ,0.5086193558658803,0.3232583976578764,17.0,17.0,ledoit-wolf common rule
HND,Honduras,MAIZ,1.5260686330646969,1.430056896837475,42.0,42.0,ledoit-wolf common rule
HKG,Hong Kong,OTHE,,,,,na
HUN,Hungary,WHEA,1.289484659809459,1.3364068862724028,51.0,51.0,ledoit-wolf common rule
ISL,Iceland,POTA,,,,,na
IND,India,RICE,0.30085825996903237,0.32875087420725285,904.0,906.0,ledoit-wolf common rule
IDN,Indonesia,RICE,0.4383670611920996,0.4678139624670678,642.0,642.0,ledoit-wolf common rule
IRN,Iran,WHEA,0.5636883412446676,0.6104042498579395,414.0,414.0,ledoit-wolf common rule
IRQ,Iraq,BARL,0.6032122456474022,0.5120155955214915,110.0,110.0,ledoit-wolf common rule
IRL,Ireland,BARL,0.4321876090785464,0.38504972422533684,44.0,44.0,ledoit-wolf common rule
ISR,Israel,WHEA,0.599125831701751,0.599125831701751,15.0,15.0,ledoit-wolf common rule
ITA,Italy,WHEA,0.5913783950531125,0.6406928274655221,138.0,138.0,ledoit-wolf common rule
JAM,Jamaica,OOIL,0.6499546305199907,0.6499546305199907,7.0,7.0,ledoit-wolf common rule
JPN,Japan,RICE,0.304047441067464,0.4838108666574801,179.0,179.0,ledoit-wolf common rule
JOR,Jordan,WHEA,0.49675533120274834,0.49675533120274834,22.0,22.0,ledoit-wolf common rule
KAZ,Kazakhstan,WHEA,0.432518960110054,0.4943540334516444,694.0,694.0,ledoit-wolf common rule
KEN,Kenya,MAIZ,0.17015508658929016,0.1469808959152769,138.0,138.0,ledoit-wolf common rule
KIR,Kiribati,OOIL,,,,,na
KWT,Kuwait,OTHE,,,,,na
KGZ,Kyrgyzstan,WHEA,0.267504697624386,0.4204274263126463,94.0,94.0,ledoit-wolf common rule
LAO,Laos,RICE,0.585790697693078,0.5957844123554304,92.0,92.0,ledoit-wolf common rule
LVA,Latvia,BARL,0.9619609216459181,0.347459307407416,47.0,47.0,ledoit-wolf common rule
LBN,Lebanon,OOIL,0.2863974290456801,0.23503003565313516,9.0,9.0,ledoit-wolf common rule
LSO,Lesotho,MAIZ,0.49221286421579824,0.20947936475315762,17.0,17.0,ledoit-wolf common rule
LBR,Liberia,RICE,0.505436954112107,0.49298482916038366,36.0,36.0,ledoit-wolf common rule
LBY,Libya,BARL,0.49076581460888286,0.4911110682203939,77.0,77.0,ledoit-wolf common rule
LTU,Lithuania,BARL,1.157220713346272,0.6478528188168627,45.0,45.0,ledoit-wolf common rule
MDG,Madagascar,RICE,0.217927053455243,0.20374204592616577,197.0,197.0,ledoit-wolf common rule
MWI,Malawi,MAIZ,0.14800535499620335,0.03872469610264611,47.0,47.0,ledoit-wolf common rule
MYS,Malaysia,OOIL,0.5300381506749953,0.5300381506749953,114.0,114.0,ledoit-wolf common rule
MDV,Maldives,OOIL,,,,,na
MLI,Mali,MILL,0.7496770361331461,0.49362006900849925,180.0,180.0,ledoit-wolf common rule
MLT,Malta,WHEA,1.1445148782963441,1.0919381102964807,1.0,1.0,ledoit-wolf common rule
MRT,Mauritania,SORG,0.8594222932838604,0.9847797668186681,53.0,53.0,ledoit-wolf common rule
MUS,Mauritius,SUGC,0.581132412961166,0.581132412961166,2.0,2.0,ledoit-wolf common rule
MEX,Mexico,MAIZ,0.12329371722273007,0.1867505329958511,626.0,626.0,ledoit-wolf common rule
FSM,Micronesia (country),OOIL,,,,,na
MDA,Moldova,MAIZ,1.1997680559563058,1.2819443633866021,25.0,25.0,ledoit-wolf common rule
MNG,Mongolia,WHEA,0.31323899004687344,0.09586400474557591,121.0,121.0,ledoit-wolf common rule
MAR,Morocco,WHEA,0.3302285585728632,0.31836442897702155,121.0,121.0,ledoit-wolf common rule
MOZ,Mozambique,MAIZ,0.23174748086151897,0.17753475444762587,265.0,265.0,ledoit-wolf common rule
MMR,Myanmar,RICE,0.5894655343580906,0.5846859724635036,236.0,236.0,ledoit-wolf common rule
NAM,Namibia,MILL,0.3427853604358462,0.2948911975208743,120.0,120.0,ledoit-wolf common rule
NPL,Nepal,RICE,2.0214175206756186,2.0404363985645055,58.0,58.0,ledoit-wolf common rule
NLD,Netherlands,POTA,0.9702242228797409,1.2534193415165162,27.0,27.0,ledoit-wolf common rule
NCL,New Caledonia,OOIL,,,,,na
NZL,New Zealand,BARL,0.19888505176823984,0.17093431883939736,122.0,122.0,ledoit-wolf common rule
NIC,Nicaragua,MAIZ,2.1434061280146905,2.0225021213331895,40.0,40.0,ledoit-wolf common rule
NER,Niger,MILL,0.48692656580767174,0.5465737157975027,121.0,121.0,ledoit-wolf common rule
NGA,Nigeria,SORG,0.5112702752121697,0.27981430662637297,224.0,224.0,ledoit-wolf common rule
NIU,Niue,OOIL,,,,,na
PRK,North Korea,MAIZ,0.3389665308243287,0.2731520709360182,61.0,61.0,ledoit-wolf common rule
MKD,North Macedonia,WHEA,1.367215938184196,1.105626411951286,16.0,16.0,ledoit-wolf common rule
NOR,Norway,BARL,0.822715520460197,0.2644889361841749,47.0,47.0,ledoit-wolf common rule
OMN,Oman,OTHE,,,,,na
PAK,Pakistan,WHEA,0.544829270245674,0.5490356946602448,231.0,231.0,ledoit-wolf common rule
PAN,Panama,RICE,0.867472015563613,0.7792140868124651,36.0,36.0,ledoit-wolf common rule
PNG,Papua New Guinea,OOIL,0.20656436405895945,0.20656436405895945,153.0,153.0,ledoit-wolf common rule
PRY,Paraguay,SOYB,0.02140881754389256,0.16184479702963087,82.0,82.0,ledoit-wolf common rule
PER,Peru,MAIZ,0.05853703483059565,0.07976912257104668,317.0,318.0,ledoit-wolf common rule
PHL,Philippines,RICE,0.9775167789568103,1.0005687092421491,174.0,174.0,ledoit-wolf common rule
POL,Poland,OTHE,,,,,na
PRT,Portugal,OOIL,0.11164664029683548,0.11243202404773495,46.0,46.0,ledoit-wolf common rule
PRI,Puerto Rico,COFF,0.5939328858291976,0.5939328858291976,7.0,7.0,ledoit-wolf common rule
QAT,Qatar,OTHE,,,,,na
ROU,Romania,MAIZ,1.5202374861424996,1.5413083801158365,112.0,112.0,ledoit-wolf common rule
RUS,Russia,WHEA,0.38602511282471863,0.22431691257357364,2095.0,2095.0,ledoit-wolf common rule
RWA,Rwanda,BANP,1.0059481545452726,1.0059481545452726,14.0,14.0,ledoit-wolf common rule
KNA,Saint Kitts and Nevis,SUGC,0.4538142334180092,0.3674964058557871,2.0,1.0,ledoit-wolf common rule
LCA,Saint Lucia,BANP,0.6947645741816265,0.6947645741816265,1.0,1.0,ledoit-wolf common rule
VCT,Saint Vincent and the Grenadines,BANP,0.329739749659005,0.329739749659005,2.0,2.0,ledoit-wolf common rule
WSM,Samoa,OOIL,,,,,na
STP,Sao Tome and Principe,OTHE,,,,,na
SAU,Saudi Arabia,WHEA,0.42052644512169135,0.42052644512169135,190.0,190.0,ledoit-wolf common rule
SEN,Senegal,MILL,0.3247283674923789,0.4612024560525533,74.0,74.0,ledoit-wolf common rule
SYC,Seychelles,OTHE,,,,,na
SLE,Sierra Leone,RICE,0.6181647578855327,0.6064079281182854,29.0,29.0,ledoit-wolf common rule
SGP,Singapore,OTHE,,,,,na
SVN,Slovenia,MAIZ,0.7832470009865183,0.8372014905466927,13.0,13.0,ledoit-wolf common rule
SLB,Solomon Islands,OOIL,,,,,na
SOM,Somalia,SORG,0.21510507631917897,0.3298002062557012,123.0,123.0,ledoit-wolf common rule
ZAF,South Africa,MAIZ,0.18121623046099153,0.11853637376993033,355.0,355.0,ledoit-wolf common rule
KOR,South Korea,RICE,0.36970699984112676,0.26710472097980087,49.0,49.0,ledoit-wolf common rule
ESP,Spain,BARL,0.23304846356915143,0.16200798468239044,209.0,209.0,ledoit-wolf common rule
LKA,Sri Lanka,RICE,1.4035182158905535,1.3453693164422962,28.0,28.0,ledoit-wolf common rule
SUR,Suriname,RICE,0.624050742887956,0.48774428370936346,52.0,52.0,ledoit-wolf common rule
SWE,Sweden,BARL,1.0769323307790415,0.5765273461415641,117.0,117.0,ledoit-wolf common rule
CHE,Switzerland,WHEA,0.5721778696611071,0.4329114228003865,18.0,18.0,ledoit-wolf common rule
SYR,Syria,BARL,0.543259935321875,0.3816129309761543,62.0,62.0,ledoit-wolf common rule
TWN,Taiwan,RICE,0.2598956767822073,0.35420725840528755,17.0,17.0,ledoit-wolf common rule
TJK,Tajikistan,WHEA,0.23449017604159458,0.32248113847876125,40.0,40.0,ledoit-wolf common rule
TZA,Tanzania,MAIZ,0.604202847580098,0.13486069452236127,268.0,268.0,ledoit-wolf common rule
THA,Thailand,RICE,0.16036429868084442,0.16810806367930406,188.0,188.0,ledoit-wolf common rule
TGO,Togo,MAIZ,0.5025173047316377,0.47862887112619507,28.0,28.0,ledoit-wolf common rule
TON,Tonga,OOIL,,,,,na
TTO,Trinidad and Tobago,SUGC,1.756808688717932,1.756808688717932,4.0,4.0,ledoit-wolf common rule
TUN,Tunisia,OOIL,0.4649141400283349,0.4649141400283349,53.0,53.0,ledoit-wolf common rule
TUR,Turkey,WHEA,0.3761267724237821,0.3156012148036524,312.0,312.0,ledoit-wolf common rule
TKM,Turkmenistan,COTT,0.8163477661710461,0.6351388975465274,116.0,116.0,ledoit-wolf common rule
TUV,Tuvalu,OOIL,,,,,na
UGA,Uganda,BANP,0.2691335870097076,0.25753693492162005,76.0,76.0,ledoit-wolf common rule
UKR,Ukraine,WHEA,1.106756611542665,0.9025400443065827,289.0,289.0,ledoit-wolf common rule
ARE,United Arab Emirates,OTHE,,,,,na
GBR,United Kingdom,WHEA,0.6765052742838645,0.511636667720169,142.0,142.0,ledoit-wolf common rule
USA,United States,MAIZ,0.25262023250630394,0.15398502756559296,1952.0,1952.0,ledoit-wolf common rule
URY,Uruguay,WHEA,0.2216944670904618,0.22779972404332322,68.0,68.0,ledoit-wolf common rule
UZB,Uzbekistan,COTT,0.46038259074197263,0.34793644009586133,88.0,88.0,ledoit-wolf common rule
VUT,Vanuatu,OOIL,0.19582036169541872,0.19582036169541872,15.0,15.0,ledoit-wolf common rule
VEN,Venezuela,MAIZ,0.6331633633594482,0.5644091758144525,210.0,210.0,ledoit-wolf common rule
VNM,Vietnam,RICE,0.15276241802035398,0.1562932608577187,135.0,135.0,ledoit-wolf common rule
YEM,Yemen,SORG,0.16611968201303154,0.15788741955563973,71.0,71.0,ledoit-wolf common rule
ZMB,Zambia,MAIZ,0.187884883452109,0.11395810149494635,243.0,243.0,ledoit-wolf common rule
ZWE,Zimbabwe,MAIZ,0.1509929668539621,0.10566273521070511,129.0,129.0,ledoit-wolf common rule
