country,n_crops,hhi,dominant_crop,jsd,delta_hhi
Afghanistan,35,0.4120654761791229,Wheat,0.13479511439800262,0.056613922119140625
Africa (FAO),137,0.06775166094303131,Maize,0.09228937327861786,-0.0062736570835113525
Albania,52,0.15076732635498047,Wheat,0.25771665573120117,-0.021980106830596924
Algeria,60,0.2641356289386749,Wheat,0.10162507742643356,-0.019588366150856018
Americas (FAO),142,0.13234014809131622,Maize,0.13200238347053528,0.030814796686172485
Angola,30,0.2274412363767624,Maize,0.18129993975162506,-0.029468268156051636
Antigua and Barbuda,23,0.2683439254760742,"Other tropical fruits, n.e.c.",0.15014594793319702,-0.020029574632644653
Argentina,72,0.17034190893173218,Wheat,0.23919519782066345,0.14124810695648193
Armenia,32,0.20759843289852142,Wheat,0.12575794756412506,-0.017659991979599
Asia (FAO),145,0.109809510409832,Rice,0.11085648089647293,-0.011139340698719025
Australia,80,0.34286269545555115,Wheat,0.14348110556602478,-0.030970841646194458
Australia and New Zealand (FAO),87,0.3373737633228302,Wheat,0.14379417896270752,-0.029355257749557495
Austria,55,0.144035205245018,Barley,0.14835582673549652,-0.0019936859607696533
Azerbaijan,59,0.24539895355701447,Wheat,0.21388515830039978,0.021166279911994934
Bahamas,12,0.18437382578849792,"Other vegetables, fresh n.e.c.",0.26659440994262695,-0.011395961046218872
Bahrain,22,0.21583370864391327,Dates,0.2032977193593979,0.1870303899049759
Bangladesh,56,0.548650324344635,Rice,0.1465960592031479,-0.0035780668258666992
Barbados,27,0.5268698930740356,Sugar cane,0.17194922268390656,-0.10500556230545044
Belarus,31,0.15732911229133606,Barley,0.2864009141921997,-0.0504734069108963
Belize,37,0.19290345907211304,Sugar cane,0.13372640311717987,-0.020901978015899658
Benin,43,0.1347375214099884,Maize,0.22184501588344574,0.01369166374206543
Bhutan,24,0.17799539864063263,Maize,0.23029516637325287,-0.050316572189331055
Bolivia,67,0.08928542584180832,Maize,0.22251321375370026,0.07042566686868668
Bosnia and Herzegovina,45,0.17169500887393951,Maize,0.14039041101932526,0.004451140761375427
Botswana,13,0.3494598865509033,Sorghum,0.15747281908988953,-0.0738372802734375
Brazil,68,0.13401907682418823,Maize,0.17765487730503082,0.07480521500110626
Brunei,25,0.31695255637168884,"Other vegetables, fresh n.e.c.",0.12560486793518066,0.006698489189147949
Bulgaria,72,0.19319330155849457,Wheat,0.21526609361171722,0.04669514298439026
Burkina Faso,35,0.2365710586309433,Sorghum,0.19060909748077393,-0.08556514978408813
Burundi,24,0.1482151299715042,"Beans, dry",0.15438960492610931,-0.0044700950384140015
Cambodia,30,0.6949316263198853,Rice,0.16849742829799652,-0.1466500163078308
Cameroon,67,0.06714865565299988,Sorghum,0.17271777987480164,0.003110460937023163
Canada,55,0.27843689918518066,Wheat,0.18429362773895264,-0.07707586884498596
Cape Verde,26,0.4021270275115967,Other pulses n.e.c.,0.09411732852458954,-0.02839156985282898
Caribbean (FAO),79,0.13411855697631836,Sugar cane,0.19133973121643066,-0.06959880143404007
Central African Republic,33,0.10999016463756561,Cassava,0.16711761057376862,-0.013120092451572418
Central America (FAO),118,0.21120613813400269,Maize,0.10496808588504791,-0.017646193504333496
Central Asia (FAO),85,0.3717052936553955,Wheat,0.1500152200460434,0.04632493853569031
Chad,23,0.18039467930793762,Millet,0.1418461948633194,0.0015213489532470703
Chile,70,0.14202968776226044,Wheat,0.20935781300067902,-0.04208523780107498
China,116,0.11270397901535034,Rice,0.161159485578537,-0.012283079326152802
China (FAO),120,0.11255384981632233,Rice,0.16021057963371277,-0.012336641550064087
Colombia,72,0.10182920098304749,"Coffee, green",0.18663592636585236,-0.005421943962574005
Comoros,21,0.14613382518291473,Coconuts,0.22849221527576447,0.0016194432973861694
Congo,43,0.18442051112651825,Cassava,0.10439161211252213,-0.000411108136177063
Cook Islands,20,0.4123946726322174,Coconuts,0.26404979825019836,0.00450858473777771
Costa Rica,56,0.10255254060029984,"Coffee, green",0.2565453052520752,-0.006288401782512665
Cote d'Ivoire,56,0.12484675645828247,Cocoa beans,0.2291189581155777,0.015231996774673462
Croatia,60,0.20289452373981476,Maize,0.1801937073469162,-0.026709631085395813
Cuba,42,0.31596413254737854,Sugar cane,0.24393920600414276,-0.19590303301811218
Cyprus,65,0.22566746175289154,Barley,0.18776915967464447,-0.041001319885253906
Democratic Republic of Congo,52,0.1724405288696289,Cassava,0.12129335105419159,0.024242311716079712
Denmark,37,0.30313271284103394,Barley,0.16263559460639954,-0.013597071170806885
Djibouti,23,0.48197394609451294,"Beans, dry",0.06300096213817596,0.05346733331680298
Dominica,34,0.10946329683065414,Bananas,0.23350763320922852,-0.0006816387176513672
Dominican Republic,52,0.0990792065858841,Sugar cane,0.19396866858005524,-0.007267668843269348
East Timor,27,0.18536093831062317,Maize,0.11549439281225204,-0.01988661289215088
Eastern Africa (FAO),110,0.08827745914459229,Maize,0.11373993009328842,0.0037874653935432434
Eastern Asia (FAO),123,0.11399774998426437,Rice,0.1541563868522644,-0.013673260807991028
Eastern Europe (FAO),94,0.16455116868019104,Wheat,0.2034461498260498,0.009816229343414307
Ecuador,78,0.10608545690774918,Maize,0.19626523554325104,-0.002140648663043976
Egypt,76,0.11013500392436981,Maize,0.16881534457206726,0.0020709410309791565
El Salvador,41,0.20739798247814178,Maize,0.1544879972934723,0.00450626015663147
Equatorial Guinea,10,0.2725951075553894,Cocoa beans,0.256646066904068,-0.12294572591781616
Estonia,29,0.2668154835700989,Barley,0.30355238914489746,-0.06260868906974792
Eswatini,28,0.2519669532775879,Maize,0.1790105700492859,0.016199052333831787
Europe (FAO),116,0.1495051234960556,Wheat,0.15751276910305023,0.004693672060966492
European Union (27),116,0.12029984593391418,Wheat,0.11919528245925903,0.009801313281059265
Fiji,35,0.34895649552345276,Sugar cane,0.17582091689109802,-0.06074339151382446
Finland,30,0.30263471603393555,Barley,0.11147869378328323,-0.02962544560432434
France,81,0.18294262886047363,Wheat,0.11222634464502335,0.01417471468448639
French Polynesia,32,0.7220573425292969,Coconuts,0.10829124599695206,0.010483145713806152
Gabon,25,0.13218165934085846,Plantains,0.15935233235359192,-0.006480962038040161
Gambia,14,0.2523302137851715,Groundnuts,0.17448319494724274,-0.04511000216007233
Georgia,42,0.1209273636341095,Maize,0.14346811175346375,0.01215122640132904
Germany,54,0.1683732569217682,Wheat,0.16329263150691986,0.023447692394256592
Ghana,46,0.1068604588508606,Cocoa beans,0.1610010266304016,0.00013128668069839478
Greece,82,0.1543649584054947,Wheat,0.1263653188943863,0.00695270299911499
Grenada,36,0.1561983823776245,"Nutmeg, mace, cardamoms, raw",0.23418067395687103,-0.0742209181189537
Guatemala,59,0.21075335144996643,Maize,0.18953733146190643,-0.039659783244132996
Guinea,31,0.1099904403090477,Rice,0.2064722329378128,0.01312459260225296
Guinea-Bissau,23,0.16262862086296082,Cashew nuts,0.19109925627708435,0.06170947849750519
Guyana,44,0.3426631987094879,Rice,0.12209203839302063,0.1146571934223175
Haiti,44,0.0855736956000328,Maize,0.18113058805465698,0.0038986802101135254
Honduras,49,0.233279287815094,Maize,0.1708339899778366,-0.036429762840270996
Hong Kong,15,0.23398074507713318,"Other vegetables, fresh n.e.c.",0.3532765209674835,-0.07002222537994385
Hungary,76,0.17972183227539062,Wheat,0.16713707149028778,0.009416639804840088
Iceland,6,0.9105831384658813,Potatoes,0.6016549468040466,-0.32183605432510376
India,81,0.10064295679330826,Rice,0.1431942731142044,-0.00366075336933136
Indonesia,60,0.1854071468114853,Rice,0.2126157283782959,-0.035339727997779846
Iran,86,0.29126250743865967,Wheat,0.11383884400129318,-0.030992567539215088
Iraq,61,0.2911469340324402,Barley,0.15821899473667145,-0.010347872972488403
Ireland,28,0.3739359378814697,Barley,0.12996356189250946,0.008043020963668823
Israel,74,0.1034250259399414,Wheat,0.2602015733718872,-0.02413041889667511
Italy,85,0.13526642322540283,Wheat,0.09399844706058502,-0.007652565836906433
Jamaica,50,0.13322973251342773,Coconuts,0.12244916707277298,-0.023246251046657562
Japan,69,0.2932478189468384,Rice,0.09352760761976242,0.001796126365661621
Jordan,61,0.16162961721420288,Wheat,0.22056661546230316,0.0008680969476699829
Kazakhstan,64,0.48112526535987854,Wheat,0.17279517650604248,0.05328097939491272
Kenya,83,0.15196722745895386,Maize,0.15540644526481628,0.03140975534915924
Kiribati,7,0.8544342517852783,Coconuts,0.09831021726131439,-0.0303686261177063
Kuwait,30,0.0839691236615181,Tomatoes,0.2880721688270569,0.004601791501045227
Kyrgyzstan,61,0.2714274525642395,Wheat,0.1729629933834076,-0.08971047401428223
Land Locked Developing Countries (FAO),135,0.08530038595199585,Wheat,0.10339298099279404,0.0007727146148681641
Laos,31,0.6042371988296509,Rice,0.2862071692943573,-0.3009442687034607
Latvia,40,0.20423835515975952,Barley,0.32901254296302795,0.02539461851119995
Least Developed Countries (FAO),121,0.09036050736904144,Rice,0.08714441955089569,-0.00926024466753006
Lebanon,65,0.07070513069629669,Olives,0.16585467755794525,0.027296677231788635
Lesotho,10,0.3775769770145416,Maize,0.09457109123468399,0.016319215297698975
Liberia,23,0.20138752460479736,Rice,0.10103801637887955,-0.015774577856063843
Libya,41,0.18417301774024963,Barley,0.14133311808109283,-0.00014382600784301758
Lithuania,38,0.20633624494075775,Barley,0.3013651371002197,-0.0012520253658294678
Low Income Food Deficit Countries (FAO),139,0.07026984542608261,Maize,0.07924731075763702,-0.000730268657207489
Madagascar,70,0.22807613015174866,Rice,0.09414400160312653,-0.01328246295452118
Malawi,44,0.2837684154510498,Maize,0.22736234962940216,-0.10715019702911377
Malaysia,44,0.27831733226776123,Palm fruit oil,0.21990014612674713,0.20278620719909668
Maldives,17,0.2772088348865509,Coconuts,0.3700892925262451,-0.033225417137145996
Mali,52,0.1853613257408142,Millet,0.15732669830322266,-0.02850930392742157
Malta,41,0.07510846108198166,Wheat,0.22669421136379242,0.036144740879535675
Mauritania,19,0.30303630232810974,Sorghum,0.11714284121990204,-0.05008402466773987
Mauritius,36,0.7698131799697876,Sugar cane,0.10944902151823044,-0.036151349544525146
Melanesia (FAO),50,0.16862741112709045,Coconuts,0.118038609623909,-0.039425238966941833
Mexico,109,0.2311939150094986,Maize,0.10050353407859802,-0.00718235969543457
Micronesia (FAO),15,0.7955958247184753,Coconuts,0.07628528028726578,0.01207876205444336
Micronesia (country),11,0.7163748741149902,Coconuts,0.01795840449631214,0.010554611682891846
Middle Africa (FAO),85,0.09802311658859253,Cassava,0.11018435657024384,0.006148338317871094
Moldova,54,0.13244055211544037,Maize,0.17187555134296417,0.03562285006046295
Mongolia,13,0.6781690716743469,Wheat,0.26419249176979065,-0.048756420612335205
Morocco,91,0.24808818101882935,Wheat,0.12828290462493896,-0.0003948509693145752
Mozambique,38,0.16319164633750916,Maize,0.28289058804512024,-0.03980749845504761
Myanmar,42,0.29864394664764404,Rice,0.12847395241260529,-0.07440453767776489
Namibia,24,0.4637020230293274,Millet,0.09731204062700272,-0.008325397968292236
Nepal,49,0.20118477940559387,Rice,0.10571924597024918,-0.03046959638595581
Net Food Importing Developing Countries (FAO),144,0.07083245366811752,Rice,0.09182184189558029,-0.004515483975410461
Netherlands,47,0.16493168473243713,Potatoes,0.13639773428440094,0.0030083805322647095
New Caledonia,20,0.13328367471694946,Coconuts,0.2496694028377533,0.024995550513267517
New Zealand,59,0.13814915716648102,Barley,0.19354240596294403,-0.030145302414894104
Nicaragua,34,0.15490023791790009,Maize,0.1825142502784729,0.03160887956619263
Niger,45,0.3435783088207245,Millet,0.08068025857210159,-0.033011287450790405
Nigeria,49,0.08715600520372391,Sorghum,0.158698171377182,-0.01585078239440918
Niue,10,0.47482746839523315,Coconuts,0.06691045314073563,0.021225661039352417
North Korea,34,0.13540829718112946,Maize,0.10117200762033463,-0.021298497915267944
North Macedonia,61,0.129558727145195,Wheat,0.13871054351329803,-0.02499629557132721
Northern Africa (FAO),106,0.11153893917798996,Wheat,0.10633767396211624,-0.005317628383636475
Northern America (FAO),93,0.1853601187467575,Wheat,0.12581270933151245,0.005754247307777405
Northern Europe (FAO),59,0.24231891334056854,Barley,0.1251389980316162,-0.006907358765602112
Norway,27,0.31683149933815,Barley,0.1290535181760788,-0.022688448429107666
Oceania (FAO),110,0.29737991094589233,Wheat,0.14177057147026062,-0.023947447538375854
Oman,21,0.316949725151062,Dates,0.19080214202404022,-0.03473711013793945
Pakistan,74,0.2155989110469818,Wheat,0.11954937875270844,-0.007252305746078491
Panama,38,0.16202667355537415,Rice,0.17630837857723236,-0.009413346648216248
Papua New Guinea,34,0.14264605939388275,Coconuts,0.11791887879371643,-0.030433453619480133
Paraguay,50,0.18675288558006287,Soybeans,0.2403954714536667,0.15854528546333313
Peru,88,0.07967904210090637,Maize,0.19269433617591858,-0.011125341057777405
Philippines,69,0.20859770476818085,Rice,0.11913788318634033,-0.006939992308616638
Poland,57,0.14425788819789886,Rye,0.23558475077152252,-0.016713500022888184
Polynesia (FAO),42,0.4083039164543152,Coconuts,0.09192224591970444,-0.046137988567352295
Portugal,73,0.08926255255937576,Olives,0.27189478278160095,0.0325581356883049
Puerto Rico,30,0.25372299551963806,"Coffee, green",0.25410231947898865,-0.035807669162750244
Qatar,27,0.11961590498685837,Dates,0.18043039739131927,0.07359784096479416
Romania,65,0.19618336856365204,Maize,0.18133559823036194,0.008915334939956665
Russia,61,0.2041940987110138,Wheat,0.1769748032093048,0.029084771871566772
Rwanda,37,0.14348945021629333,Bananas,0.15798820555210114,-0.023109987378120422
Saint Kitts and Nevis,18,0.5748258829116821,Sugar cane,0.09586936980485916,-0.03398948907852173
Saint Lucia,24,0.21072593331336975,Bananas,0.34760817885398865,-0.01033659279346466
Saint Vincent and the Grenadines,27,0.1513306200504303,Bananas,0.2675417959690094,0.05280466377735138
Samoa,21,0.4736228585243225,Coconuts,0.11260673403739929,-0.1294972002506256
Sao Tome and Principe,13,0.3971225619316101,Cocoa beans,0.21432523429393768,-0.0766189694404602
Saudi Arabia,25,0.330277681350708,Wheat,0.2403891533613205,-0.1536487638950348
Senegal,36,0.3040299415588379,Millet,0.12334499508142471,-0.0804034024477005
Seychelles,14,0.4033721387386322,"Cinnamon and cinnamon-tree flowers, raw",0.23909848928451538,-0.1521066427230835
Sierra Leone,27,0.2585230767726898,Rice,0.19355320930480957,-0.03298090398311615
Singapore,10,0.3078468143939972,"Other vegetables, fresh n.e.c.",0.47684672474861145,0.4398200213909149
Slovenia,53,0.19041618704795837,Maize,0.19421109557151794,-0.03453308343887329
Small Island Developing States (FAO),94,0.09818955510854721,Sugar cane,0.1655806452035904,-0.04228707775473595
Solomon Islands,17,0.37236490845680237,Coconuts,0.1060706377029419,-0.10341128706932068
Somalia,24,0.3348199129104614,Sorghum,0.11647041141986847,-0.05473741888999939
South Africa,69,0.3364596664905548,Maize,0.18437714874744415,-0.05708637833595276
South America (FAO),129,0.10639478266239166,Maize,0.1811463087797165,0.08789470791816711
South Korea,58,0.26610586047172546,Rice,0.12550245225429535,0.018798619508743286
South-eastern Asia (FAO),98,0.2272629588842392,Rice,0.12934528291225433,-0.03864532709121704
Southern Africa (FAO),73,0.30706197023391724,Maize,0.17697641253471375,-0.05782139301300049
Southern Asia (FAO),112,0.11339136213064194,Rice,0.11744070798158646,-0.002207130193710327
Southern Europe (FAO),112,0.10817115753889084,Wheat,0.10188484936952591,-0.00176229327917099
Spain,97,0.1340877115726471,Barley,0.12422817200422287,-0.0042699724435806274
Sri Lanka,48,0.20328092575073242,Rice,0.1147419810295105,0.036726728081703186
Sudan (former),46,0.2885010838508606,Sorghum,0.08790817856788635,0.02451041340827942
Suriname,28,0.6522804498672485,Rice,0.09994197636842728,0.04434621334075928
Sweden,36,0.20680682361125946,Barley,0.1569395214319229,0.013947755098342896
Switzerland,47,0.1656995415687561,Wheat,0.1457902193069458,-0.0018061548471450806
Syria,70,0.24601805210113525,Barley,0.13419286906719208,-0.028914719820022583
Taiwan,72,0.1806180477142334,Rice,0.17246770858764648,-0.02964279055595398
Tajikistan,44,0.24379311501979828,Wheat,0.12976859509944916,-0.044490113854408264
Tanzania,66,0.08994811773300171,Maize,0.17328090965747833,0.00612640380859375
Thailand,67,0.3126319646835327,Rice,0.151968315243721,0.0034728050231933594
Togo,33,0.12334918975830078,Maize,0.1648167073726654,0.02502894401550293
Tonga,21,0.12215305864810944,Coconuts,0.1910199671983719,0.029977381229400635
Trinidad and Tobago,39,0.1705610305070877,Sugar cane,0.19397245347499847,-0.03031928837299347
Tunisia,72,0.254538893699646,Olives,0.0864548459649086,0.03277653455734253
Turkey,93,0.23590156435966492,Wheat,0.10218745470046997,-0.018069148063659668
Turkmenistan,25,0.340002179145813,Seed cotton,0.1407325118780136,0.06747376918792725
Tuvalu,5,0.8808777332305908,Coconuts,0.045741572976112366,-0.05966228246688843
Uganda,36,0.12012424319982529,Plantains,0.18242356181144714,-0.01829618215560913
Ukraine,74,0.15228772163391113,Wheat,0.23608362674713135,0.0032764077186584473
United Arab Emirates,29,0.5017668604850769,Dates,0.2205907702445984,0.33218252658843994
United Kingdom,39,0.27300137281417847,Wheat,0.11319359391927719,-0.011829257011413574
United States,88,0.20211094617843628,Maize,0.114817313849926,0.03888176381587982
Uruguay,44,0.13022653758525848,Wheat,0.4092849791049957,0.1286102682352066
Uzbekistan,73,0.2844012975692749,Seed cotton,0.12665410339832306,0.0007300972938537598
Vanuatu,11,0.7375342845916748,Coconuts,0.027765126898884773,0.0012848377227783203
Venezuela,55,0.1101565882563591,Maize,0.1470452845096588,0.02649303525686264
Vietnam,40,0.4322085678577423,Rice,0.1424054652452469,-0.10467982292175293
Western Africa (FAO),86,0.09212914109230042,Millet,0.11472538113594055,-0.019252344965934753
Western Asia (FAO),114,0.2106602042913437,Wheat,0.0985872894525528,-0.01755043864250183
Western Europe (FAO),87,0.16006797552108765,Wheat,0.11906847357749939,0.02166682481765747
World,155,0.08081749081611633,Wheat,0.10574273765087128,-0.007546029984951019
Yemen,53,0.25654011964797974,Sorghum,0.2736111879348755,-0.09504492580890656
Zambia,29,0.3016585111618042,Maize,0.14093613624572754,-0.055059388279914856
Zimbabwe,71,0.2893446087837219,Maize,0.18163175880908966,-0.03266766667366028
North America,129,0.16075658798217773,Wheat,0.11724680662155151,0.004949331283569336
South America,129,0.10639375448226929,Maize,0.18114697933197021,0.08789487183094025
Europe,117,0.14944203197956085,Wheat,0.15737852454185486,0.004707783460617065
Africa,137,0.06775084137916565,Maize,0.0922895222902298,-0.006273232400417328
Asia,145,0.10985083878040314,Rice,0.11086732894182205,-0.011161334812641144
Oceania,110,0.29735904932022095,Wheat,0.14177373051643372,-0.02393057942390442
Low-income countries,119,0.07054278254508972,Millet,0.10495084524154663,0.002964884042739868
Upper-middle-income countries,149,0.09081821143627167,Wheat,0.17145578563213348,-0.005307674407958984
Lower-middle-income countries,149,0.08346812427043915,Rice,0.10959428548812866,-0.01077289879322052
High-income countries,139,0.13977983593940735,Wheat,0.09608908742666245,0.0026373565196990967
