scenario,method,typeI,ci_width_med,n,failed
moderate,blockboot,0.05,0.16842444521994882,200,0
moderate,clboot_sub,0.06,0.14889647012786747,200,0
moderate,conley,0.17,0.08495719678702901,200,0
moderate,hc2,0.0,0.853889583829682,200,0
moderate,region_crve,,,200,200
none,blockboot,0.045,0.15970911501254004,200,0
none,clboot_sub,0.06,0.15532190734050239,200,0
none,conley,0.15,0.0814416711600935,200,0
none,hc2,0.0,0.8549250110539486,200,0
none,region_crve,,,200,200
strong,blockboot,0.035,0.14447339985262825,200,0
strong,clboot_sub,0.05,0.12603008591080217,200,0
strong,conley,0.165,0.0721475389542024,200,0
strong,hc2,0.0,0.8509394113803548,200,0
strong,region_crve,,,200,200
weak,blockboot,0.035,0.16519015281407026,200,0
weak,clboot_sub,0.075,0.1460748468038845,200,0
weak,conley,0.145,0.08211661779519099,200,0
weak,hc2,0.0,0.8504665335159343,200,0
weak,region_crve,,,200,200
