file,description,source_url,version,retrieved_utc,bytes,sha256
faostat_qcl_2026-02-25.feather,OWID garden mirror of FAOSTAT QCL,https://catalog.ourworldindata.org/garden/faostat/2026-02-25/faostat_qcl/faostat_qcl.feather,2026-02-25,2026-10-03T11:13:21Z,35865698,775932b0f9a58122826b080105a801e041af479437af4a154186eb1e35829ab3
gaez/GAEZ-V4.CROP.csv,GAEZ v4 attainable yield/suitability rasters (public subset WHE/COT/SUC),https://storage.googleapis.com/fao-gismgr-gaez-v4-data/,v4,2026-10-03T11:13:21Z,121,d779540ae4ff2a935eeec9273e461bcf6754858588c72197e3e3ebddcbd9f8b8
gaez/GAEZ-V4.RES05-SCI.TP-2010.COT.tif,GAEZ v4 attainable yield/suitability rasters (public subset WHE/COT/SUC),https://storage.googleapis.com/fao-gismgr-gaez-v4-data/,v4,2026-10-03T11:13:21Z,436902,03b31bb8494a23ffe19c16fe9592a03e1af7e97b7470b8dc0fa9862cd37d25e4
gaez/GAEZ-V4.RES05-SCI.TP-2010.SUC.tif,GAEZ v4 attainable yield/suitability rasters (public subset WHE/COT/SUC),https://storage.googleapis.com/fao-gismgr-gaez-v4-data/,v4,2026-10-03T11:13:21Z,375532,5289d8e36ede2af35f2f4fcce784c60ad038b82d8f8f83fa6ed498e5d54307aa
gaez/GAEZ-V4.RES05-SCI.TP-2010.WHE.tif,GAEZ v4 attainable yield/suitability rasters (public subset WHE/COT/SUC),https://storage.googleapis.com/fao-gismgr-gaez-v4-data/,v4,2026-10-03T11:13:21Z,545314,1d906a520259cf370998bfb5fe77d2788e9e524587dc5a23c620dfa8d2fc0940
gaez/GAEZ-V4.RES05-SCI.TP-2070.COT.tif,GAEZ v4 attainable yield/suitability rasters (public subset WHE/COT/SUC),https://storage.googleapis.com/fao-gismgr-gaez-v4-data/,v4,2026-10-03T11:13:21Z,498565,d3bdaf37c29dc837b8c13e0e78daa413adb89e513d7f4840645cc88338cc3550
gaez/GAEZ-V4.RES05-SCI.TP-2070.SUC.tif,GAEZ v4 attainable yield/suitability rasters (public subset WHE/COT/SUC),https://storage.googleapis.com/fao-gismgr-gaez-v4-data/,v4,2026-10-03T11:13:21Z,371121,ea800501fbb5a376b62878768ec44541cd9ab46442ae7bde4bad41e085a3bf61
gaez/GAEZ-V4.RES05-SCI.TP-2070.WHE.tif,GAEZ v4 attainable yield/suitability rasters (public subset WHE/COT/SUC),https://storage.googleapis.com/fao-gismgr-gaez-v4-data/,v4,2026-10-03T11:13:21Z,589604,989c082f4797a1e84a2946508705d723209a056f166f369178c0b8776b7a95ea
gaez/GAEZ-V4.RES05-SCI.json,GAEZ v4 attainable yield/suitability rasters (public subset WHE/COT/SUC),https://storage.googleapis.com/fao-gismgr-gaez-v4-data/,v4,2026-10-03T11:13:21Z,2456,98935dd861e2902d5ef2c28274df8a14b65aa4927f0309454f8c8e05fa760587
gaez/GAEZ-V4.RES05-YLDL.TP-2010.COT.tif,GAEZ v4 attainable yield/suitability rasters (public subset WHE/COT/SUC),https://storage.googleapis.com/fao-gismgr-gaez-v4-data/,v4,2026-10-03T11:13:21Z,1688776,8cf055cfe138e7a6293d163453ea160cb7daa7692cd1ef5f2a4c3fd6ac997266
gaez/GAEZ-V4.RES05-YLDL.TP-2010.SUC.tif,GAEZ v4 attainable yield/suitability rasters (public subset WHE/COT/SUC),https://storage.googleapis.com/fao-gismgr-gaez-v4-data/,v4,2026-10-03T11:13:21Z,1714114,d422049176ad637061b002ef13ee7bfcd23b44937fca00153a66ec3a321f60bc
gaez/GAEZ-V4.RES05-YLDL.TP-2010.WHE.tif,GAEZ v4 attainable yield/suitability rasters (public subset WHE/COT/SUC),https://storage.googleapis.com/fao-gismgr-gaez-v4-data/,v4,2026-10-03T11:13:21Z,3036655,7eb8a6a7c41e33e8e839ffad687b111bbd75e24dbe197a4649dc70845fd33093
gaez/GAEZ-V4.RES05-YLDL.TP-2070.COT.tif,GAEZ v4 attainable yield/suitability rasters (public subset WHE/COT/SUC),https://storage.googleapis.com/fao-gismgr-gaez-v4-data/,v4,2026-10-03T11:13:21Z,2236012,253f81de267df6c4d2bd306af29ff175bd245c8aa7e9081bffee6e8f2382ec06
gaez/GAEZ-V4.RES05-YLDL.TP-2070.SUC.tif,GAEZ v4 attainable yield/suitability rasters (public subset WHE/COT/SUC),https://storage.googleapis.com/fao-gismgr-gaez-v4-data/,v4,2026-10-03T11:13:21Z,1848852,3ef494fa9aec191a60264cdab91ef8594bfa31c0983b45a92bcc293b8f3d58e1
gaez/GAEZ-V4.RES05-YLDL.TP-2070.WHE.tif,GAEZ v4 attainable yield/suitability rasters (public subset WHE/COT/SUC),https://storage.googleapis.com/fao-gismgr-gaez-v4-data/,v4,2026-10-03T11:13:21Z,3737581,10601b1495184309033229a28e1116a8eb0506eaca563a10cb04207b9e48fa23
gaez/GAEZ-V4.RES05-YLDL.json,GAEZ v4 attainable yield/suitability rasters (public subset WHE/COT/SUC),https://storage.googleapis.com/fao-gismgr-gaez-v4-data/,v4,2026-10-03T11:13:21Z,1497,0949a0f514668361ae50bd8f30f5c722c3d82b7ff4c3f6241ababb9bcb7937f9
gaez/GAEZ-V4.TIME-PERIOD.csv,GAEZ v4 attainable yield/suitability rasters (public subset WHE/COT/SUC),https://storage.googleapis.com/fao-gismgr-gaez-v4-data/,v4,2026-10-03T11:13:21Z,231,5c3907ad955d48e7ebbd79a6399094694a3449f0a4f4140d5d171169ef28e789
gaez/GAEZ-V4.VAR.csv,GAEZ v4 attainable yield/suitability rasters (public subset WHE/COT/SUC),https://storage.googleapis.com/fao-gismgr-gaez-v4-data/,v4,2026-10-03T11:13:21Z,195,b7aa4ea13c0ed6b06b434af7b534903ba087f2587ecbb584b6c82d65ce530132
gaez/GAEZ-V4.json,GAEZ v4 attainable yield/suitability rasters (public subset WHE/COT/SUC),https://storage.googleapis.com/fao-gismgr-gaez-v4-data/,v4,2026-10-03T11:13:21Z,961,f941b8a444abbf1547a393ffd73514e7182e1250b30602a055785c8adf557299
isimip/countrymasks-fractional_5arcmin.nc,ISIMIP3a country masks 5 arcmin,https://files.isimip.org/ISIMIP3a/InputData/geo_conditions/countrymasks/countrymasks-fractional_5arcmin.nc,ISIMIP3a,2026-10-03T11:13:21Z,10899421,d16be16fb1b3f0277cd5fa779d4b318ecbbb38731f74289608f35614313b9bae
isimip/ggcmi-crop-calendar-phase3_2015soc_bar_firr.nc,ISIMIP3b LPJmL maize yield change (GFDL-ESM4/IPSL-CM6A-LR SSP585),https://files.isimip.org/,ISIMIP3b,2026-10-03T11:13:21Z,70751,7c90b560c8bb774b7388ae03b76b1e538bff01bc3db0b5703a20644bacf77490
isimip/lpjml_gfdl-esm4_w5e5_ssp585_2015soc_default_yieldchange-mai_global_annual_2015_2099.nc,ISIMIP3b LPJmL maize yield change (GFDL-ESM4/IPSL-CM6A-LR SSP585),https://files.isimip.org/,ISIMIP3b,2026-10-03T11:13:21Z,18540722,a1826e7513f25aa62dd1062d6da6a41c4d87e45d90395d965ee1287c1a79f9d2
isimip/lpjml_ipsl-cm6a-lr_w5e5_ssp585_2015soc_default_yieldchange-mai_global_annual_2015_2099.nc,ISIMIP3b LPJmL maize yield change (GFDL-ESM4/IPSL-CM6A-LR SSP585),https://files.isimip.org/,ISIMIP3b,2026-10-03T11:13:21Z,18615847,33e10ef79c853fc2a456b8f80715810687bed72b0a937da2cbdff6e98f8f0972
mapspam/ReadMe_2005.txt,SPAM2005 ReadMe,https://dataverse.harvard.edu/,v3r2,2026-10-03T11:13:21Z,4657,3831cd91cbddb7998d8ce15f2ff97af1b0015b0f1c17795b364ef3d91f1eaee5
mapspam/ReadMe_2010.txt,SPAM2010 ReadMe,https://dataverse.harvard.edu/,v2r0,2026-10-03T11:13:21Z,6639,9d75acf6acbdd90c4a50cbac05a2ea6a7159496e04a236738c5370843ea9770b
mapspam/spam2000_CropList.tab,SPAM2000 crop list,https://dataverse.harvard.edu/api/access/datafile/3357445,v3.0.7,2026-10-03T11:13:21Z,2338,f7667788db11e5518163338feb1b66b04233cfc6efb8a9693307a99e5fd2119d
mapspam/spam2000_ReadMe.txt,SPAM2000 ReadMe,https://dataverse.harvard.edu/api/access/datafile/3357441,v3.0.7,2026-10-03T11:13:21Z,2768,2936515f77499c26466480cc0a21c7067ad7619a77d6aa55b950230850849966
mapspam/spam2000v3.0.7_global_harvested-area.dbf-csv.zip,SPAM 2000 v3.0.7 harvested area dbf-csv (per-pixel),https://dataverse.harvard.edu/api/access/datafile/3666790,v3.0.7 (avg 1999-2001),2026-10-03T11:13:21Z,94323306,502642c7e540c300bc8a8a2084833a5d0797c708a75f0bd51ee76194c606ca4a
mapspam/spam2000v3.0.7_global_harvested-area.geotiff.zip,SPAM 2000 v3.0.7 harvested area geotiffs,https://dataverse.harvard.edu/api/access/datafile/3666794,v3.0.7 (avg 1999-2001),2026-10-03T11:13:21Z,84831646,3dd98e878d89656d332fc2778c10aee75e23375cd30a9888cf56d319af28debe
mapspam/spam2005v3r2_global_harv_area.geotiff.zip,SPAM 2005 harvested area (superseded for baseline; kept for reference),https://dataverse.harvard.edu/api/access/datafile/3154167,v3r2,2026-10-03T11:13:21Z,120715718,404e43efa823f43b278ecd79a9a10ee307f76b34a33d16e133e1e4f667bc2ce3
mapspam/spam2010v2r0_global_harv_area.geotiff.zip,SPAM 2010 harvested area (reference),https://dataverse.harvard.edu/api/access/datafile/3154170,v2r0,2026-10-03T11:13:21Z,143651190,3fc0d52e075cad00dfc857ca033d54e44326fd4c57ae8da7bc14f9f0ba3f3dc6
mirca/cell_area_grid.zip,mirca/cell_area_grid.zip,see v2 ledger,,2026-10-03T11:13:21Z,26028,fe766edd8858deccc84ae22e9292573842ce107f0af84f252321b1984a62e38b
mirca/condensed_cropping_calendars.zip,mirca/condensed_cropping_calendars.zip,see v2 ledger,,2026-10-03T11:13:21Z,107106,c90abca703ba40824d6c5c8ac6af8dec1d503a16b049ab68c3dee82225419a17
mirca/maximum_cropped_area_grid.zip,mirca/maximum_cropped_area_grid.zip,see v2 ledger,,2026-10-03T11:13:21Z,15470202,a8458a2e715de7625998ead66c6c6694407336c6ed5c8350857f922bf6d058c5
mirca/unit_code_grid.zip,mirca/unit_code_grid.zip,see v2 ledger,,2026-10-03T11:13:21Z,226288,8e0a2175965961303349d67ae50a896c278f6ba9d17d7a01fbdf5ced320bb1fc
power/AFG.parquet,NASA POWER monthly regional T2M/PRECTOTCORR 1984-2020,https://power.larc.nasa.gov/api/temporal/monthly/regional,accessed 2026-10-03,2026-10-03T11:13:21Z,388444,d00a007699653e78512aee8bd2bd0ff16b715fb0942ff553ddae60bb35dff197
power/AGO.parquet,NASA POWER monthly regional T2M/PRECTOTCORR 1984-2020,https://power.larc.nasa.gov/api/temporal/monthly/regional,accessed 2026-10-03,2026-10-03T11:13:21Z,605108,be5866fef7a5cebe65adf5741fa4295b5fe429607687ac1a64ce5ffbcc02fdef
power/ALB.parquet,NASA POWER monthly regional T2M/PRECTOTCORR 1984-2020,https://power.larc.nasa.gov/api/temporal/monthly/regional,accessed 2026-10-03,2026-10-03T11:13:21Z,58758,857358f704424b3823ea73d4b859065e7001740d8e906b2d9388fcc4c4eb416b
power/ARE.parquet,NASA POWER monthly regional T2M/PRECTOTCORR 1984-2020,https://power.larc.nasa.gov/api/temporal/monthly/regional,accessed 2026-10-03,2026-10-03T11:13:21Z,53144,cb81465d2f21ec2c214aa7f64754c3694811d0e0e4c721b207e4a66082cb2aa3
power/ARG.parquet,NASA POWER monthly regional T2M/PRECTOTCORR 1984-2020,https://power.larc.nasa.gov/api/temporal/monthly/regional,accessed 2026-10-03,2026-10-03T11:13:21Z,1082128,874c39126171a606839b1934425eccf2ddc740381dc65c05c76510162e4a7ff1
power/ARM.parquet,NASA POWER monthly regional T2M/PRECTOTCORR 1984-2020,https://power.larc.nasa.gov/api/temporal/monthly/regional,accessed 2026-10-03,2026-10-03T11:13:21Z,49237,7097e20128f43fc63998acff29473dc2b0a38a603bcc6766181f4f58ea266178
power/ATG.parquet,NASA POWER monthly regional T2M/PRECTOTCORR 1984-2020,https://power.larc.nasa.gov/api/temporal/monthly/regional,accessed 2026-10-03,2026-10-03T11:13:21Z,12998,3349ec514ba7371f91127608638054a616afa7e7b6c8297c38b08723c35fd6af
power/AUS.parquet,NASA POWER monthly regional T2M/PRECTOTCORR 1984-2020,https://power.larc.nasa.gov/api/temporal/monthly/regional,accessed 2026-10-03,2026-10-03T11:13:21Z,1413214,6f413116890395fb13b2f615b59bafda691a9b72023f66fcab834b221f49c9fc
power/AUT.parquet,NASA POWER monthly regional T2M/PRECTOTCORR 1984-2020,https://power.larc.nasa.gov/api/temporal/monthly/regional,accessed 2026-10-03,2026-10-03T11:13:21Z,78813,1e1d2d22d5460b7bf5fef6ea7f24cc0f8c94ed3fa6e2d0bc0f8f91d6454e320e
power/AZE.parquet,NASA POWER monthly regional T2M/PRECTOTCORR 1984-2020,https://power.larc.nasa.gov/api/temporal/monthly/regional,accessed 2026-10-03,2026-10-03T11:13:21Z,102252,5e18ec0e9cd0c6522453c563cea0a6d74ca72cbd5aad9c88f7f51198ca6fcc8c
power/BDI.parquet,NASA POWER monthly regional T2M/PRECTOTCORR 1984-2020,https://power.larc.nasa.gov/api/temporal/monthly/regional,accessed 2026-10-03,2026-10-03T11:13:21Z,40679,c1323f5e3c94faf0414a63e7efce434399ebd7894b3046df9817876f1756f8bb
power/BEL.parquet,NASA POWER monthly regional T2M/PRECTOTCORR 1984-2020,https://power.larc.nasa.gov/api/temporal/monthly/regional,accessed 2026-10-03,2026-10-03T11:13:21Z,53049,2c508532d51384570e12112aa1522bab251cf48116835cfb4219e2431e097108
power/BEN.parquet,NASA POWER monthly regional T2M/PRECTOTCORR 1984-2020,https://power.larc.nasa.gov/api/temporal/monthly/regional,accessed 2026-10-03,2026-10-03T11:13:21Z,88206,0cc9d21ccf72df7cc08342169b2620523c9f779dc99bb361c26263c1d85a6148
power/BFA.parquet,NASA POWER monthly regional T2M/PRECTOTCORR 1984-2020,https://power.larc.nasa.gov/api/temporal/monthly/regional,accessed 2026-10-03,2026-10-03T11:13:21Z,177319,9481e87b369f7a6f4c8b9f364cce2e081bb0b8d9836f1da73f1b63c1a5e28ea9
power/BGD.parquet,NASA POWER monthly regional T2M/PRECTOTCORR 1984-2020,https://power.larc.nasa.gov/api/temporal/monthly/regional,accessed 2026-10-03,2026-10-03T11:13:21Z,132094,d1b8685a5f21d786daa40b1815d680c6a92992ea08fe8076e69b5d08cc1699cc
power/BGR.parquet,NASA POWER monthly regional T2M/PRECTOTCORR 1984-2020,https://power.larc.nasa.gov/api/temporal/monthly/regional,accessed 2026-10-03,2026-10-03T11:13:21Z,110076,e42927b9ea4ac526f574f668d8522f972e2db5ae280d66912aa36acdc0f43567
power/BHR.parquet,NASA POWER monthly regional T2M/PRECTOTCORR 1984-2020,https://power.larc.nasa.gov/api/temporal/monthly/regional,accessed 2026-10-03,2026-10-03T11:13:21Z,10025,3fb85c81f7789ce1a753611064e630ace580096f8bb056a40f066e119f9d4209
power/BIH.parquet,NASA POWER monthly regional T2M/PRECTOTCORR 1984-2020,https://power.larc.nasa.gov/api/temporal/monthly/regional,accessed 2026-10-03,2026-10-03T11:13:21Z,70282,77ff11e890ac10a64c56fb280a5ee9821c2f29d74b341197d080366b5578c8b7
power/BLR.parquet,NASA POWER monthly regional T2M/PRECTOTCORR 1984-2020,https://power.larc.nasa.gov/api/temporal/monthly/regional,accessed 2026-10-03,2026-10-03T11:13:21Z,212556,6730312f6ed2e5fd1f0d7e10d211db184f9086eedb03d53a677e306821a73af9
power/BLZ.parquet,NASA POWER monthly regional T2M/PRECTOTCORR 1984-2020,https://power.larc.nasa.gov/api/temporal/monthly/regional,accessed 2026-10-03,2026-10-03T11:13:21Z,38147,fcdda85ef3f5f8a19eef24e9af025ea2bd10d3f0d67be1ae817e7a003c64c8f1
power/BOL.parquet,NASA POWER monthly regional T2M/PRECTOTCORR 1984-2020,https://power.larc.nasa.gov/api/temporal/monthly/regional,accessed 2026-10-03,2026-10-03T11:13:21Z,574576,c6b73f59f3c3f696b689be0ce7332cd5ff136132ea5d860145465bf15cc36f4b
power/BRA.parquet,NASA POWER monthly regional T2M/PRECTOTCORR 1984-2020,https://power.larc.nasa.gov/api/temporal/monthly/regional,accessed 2026-10-03,2026-10-03T11:13:21Z,3540192,8f394cc28fb3d32c81df8ed74e071622b91463eb97612e4c47697dc33c3f2760
power/BRB.parquet,NASA POWER monthly regional T2M/PRECTOTCORR 1984-2020,https://power.larc.nasa.gov/api/temporal/monthly/regional,accessed 2026-10-03,2026-10-03T11:13:21Z,12462,e51f81f119920e25b26fd55eb6c1a17615f63df475c13d3a1a168f1a6b3429b9
power/BRN.parquet,NASA POWER monthly regional T2M/PRECTOTCORR 1984-2020,https://power.larc.nasa.gov/api/temporal/monthly/regional,accessed 2026-10-03,2026-10-03T11:13:21Z,18881,39b41e7d38fe7914850721926664cd1397632c1e6026da0c40650a908abe074d
power/BTN.parquet,NASA POWER monthly regional T2M/PRECTOTCORR 1984-2020,https://power.larc.nasa.gov/api/temporal/monthly/regional,accessed 2026-10-03,2026-10-03T11:13:21Z,57131,47534abaa88c35245352a314f85ba89e5a10b82bddd30615d8eac9ef69f8f29b
power/BWA.parquet,NASA POWER monthly regional T2M/PRECTOTCORR 1984-2020,https://power.larc.nasa.gov/api/temporal/monthly/regional,accessed 2026-10-03,2026-10-03T11:13:21Z,301416,434fe8080a6cf94550dbfed5703fe1a2c1d232de26bd8f4b10997ccafd69234c
power/CAF.parquet,NASA POWER monthly regional T2M/PRECTOTCORR 1984-2020,https://power.larc.nasa.gov/api/temporal/monthly/regional,accessed 2026-10-03,2026-10-03T11:13:21Z,310403,2bd3e6fc96397d34d6ea6ffeb5d053d04bc1d85aab5f0ea7e189644fec55af6f
power/CAN.parquet,NASA POWER monthly regional T2M/PRECTOTCORR 1984-2020,https://power.larc.nasa.gov/api/temporal/monthly/regional,accessed 2026-10-03,2026-10-03T11:13:21Z,1577044,74611361643859b22f7d7ef624b131ac37a384fc896389402857be590a6ce011
power/CHE.parquet,NASA POWER monthly regional T2M/PRECTOTCORR 1984-2020,https://power.larc.nasa.gov/api/temporal/monthly/regional,accessed 2026-10-03,2026-10-03T11:13:21Z,52573,b240e437501cdf7550de9d9c39cb8bd88b3dcdc4ab835b4dc38845c3270c7cb2
power/CHL.parquet,NASA POWER monthly regional T2M/PRECTOTCORR 1984-2020,https://power.larc.nasa.gov/api/temporal/monthly/regional,accessed 2026-10-03,2026-10-03T11:13:21Z,422467,49fbe9a7285298c480ee5689bfb57eede4e0f08756d5fb0c7aebe10ecf903dbe
power/CHN.parquet,NASA POWER monthly regional T2M/PRECTOTCORR 1984-2020,https://power.larc.nasa.gov/api/temporal/monthly/regional,accessed 2026-10-03,2026-10-03T11:13:21Z,4396621,ad036d78405b0e6d32954260963c2d340cc91b27acb77fd1f901abc5e3e9f4d9
power/CIV.parquet,NASA POWER monthly regional T2M/PRECTOTCORR 1984-2020,https://power.larc.nasa.gov/api/temporal/monthly/regional,accessed 2026-10-03,2026-10-03T11:13:21Z,186141,6bf124fc4510f515dc42892331f8956b274d0423cd586b5cfefbc6a320bf524c
power/CMR.parquet,NASA POWER monthly regional T2M/PRECTOTCORR 1984-2020,https://power.larc.nasa.gov/api/temporal/monthly/regional,accessed 2026-10-03,2026-10-03T11:13:21Z,245331,3a153beb5022e9594b589020bd6bb5be0247b0350a084a9c16f468a99ffbbe63
power/COD.parquet,NASA POWER monthly regional T2M/PRECTOTCORR 1984-2020,https://power.larc.nasa.gov/api/temporal/monthly/regional,accessed 2026-10-03,2026-10-03T11:13:21Z,968362,053f177b7e421cb3afd6222d6b85135c3fd1c7997dde3294c811a1be0ea3f1c7
power/COG.parquet,NASA POWER monthly regional T2M/PRECTOTCORR 1984-2020,https://power.larc.nasa.gov/api/temporal/monthly/regional,accessed 2026-10-03,2026-10-03T11:13:21Z,154994,be5b308bee05e2e309847f4e6fe408280f3b6a9166818c1cede0ab1050e6d778
power/COL.parquet,NASA POWER monthly regional T2M/PRECTOTCORR 1984-2020,https://power.larc.nasa.gov/api/temporal/monthly/regional,accessed 2026-10-03,2026-10-03T11:13:21Z,480543,077f09daa204fd17f95cd2c728b0152a06cfbce9a795ad6d9ebd8cc42a444d96
power/COM.parquet,NASA POWER monthly regional T2M/PRECTOTCORR 1984-2020,https://power.larc.nasa.gov/api/temporal/monthly/regional,accessed 2026-10-03,2026-10-03T11:13:21Z,19671,0212bb9dede0510843aef96b384c1fb1f5beddbbf2baeeaa9c30b4480af644ea
power/CRI.parquet,NASA POWER monthly regional T2M/PRECTOTCORR 1984-2020,https://power.larc.nasa.gov/api/temporal/monthly/regional,accessed 2026-10-03,2026-10-03T11:13:21Z,54856,8dc7522f7a973a1ce5e06564c75f364801954092e1a2280bfcfaa42e21030813
power/CUB.parquet,NASA POWER monthly regional T2M/PRECTOTCORR 1984-2020,https://power.larc.nasa.gov/api/temporal/monthly/regional,accessed 2026-10-03,2026-10-03T11:13:21Z,101177,4f88503a44363edafca94c9504be02e432d945f34badfe30981b13ee86f0ab69
power/CYP.parquet,NASA POWER monthly regional T2M/PRECTOTCORR 1984-2020,https://power.larc.nasa.gov/api/temporal/monthly/regional,accessed 2026-10-03,2026-10-03T11:13:21Z,29527,c3f1def00af41523133b6d1ef1b4590d3444ef09510adaf5505efc79afaf67d3
power/CZE.parquet,NASA POWER monthly regional T2M/PRECTOTCORR 1984-2020,https://power.larc.nasa.gov/api/temporal/monthly/regional,accessed 2026-10-03,2026-10-03T11:13:21Z,98084,8c4209138af93e5fdcc2000bb8e41d5247c0136656e74b36de99a4d7d16f6a12
power/DEU.parquet,NASA POWER monthly regional T2M/PRECTOTCORR 1984-2020,https://power.larc.nasa.gov/api/temporal/monthly/regional,accessed 2026-10-03,2026-10-03T11:13:21Z,314962,f4fcb83c80a8056072ce57a341dc06b6f67ed303be911aa49414dbf7a0c6965b
power/DJI.parquet,NASA POWER monthly regional T2M/PRECTOTCORR 1984-2020,https://power.larc.nasa.gov/api/temporal/monthly/regional,accessed 2026-10-03,2026-10-03T11:13:21Z,33054,7c45277cadb69f7b4c5117a4f21a886a79cb721a8132482d9042917464a19fe9
power/DMA.parquet,NASA POWER monthly regional T2M/PRECTOTCORR 1984-2020,https://power.larc.nasa.gov/api/temporal/monthly/regional,accessed 2026-10-03,2026-10-03T11:13:21Z,13334,f589e150dfc6530aaaa03453145ca3939f0279acdc94545ea9c1b214d6b1205d
power/DNK.parquet,NASA POWER monthly regional T2M/PRECTOTCORR 1984-2020,https://power.larc.nasa.gov/api/temporal/monthly/regional,accessed 2026-10-03,2026-10-03T11:13:21Z,80497,649f324ce419d33cdd4787c502c7d1a55f962506dd54a94d8fb7d9a8b8d2201e
power/DOM.parquet,NASA POWER monthly regional T2M/PRECTOTCORR 1984-2020,https://power.larc.nasa.gov/api/temporal/monthly/regional,accessed 2026-10-03,2026-10-03T11:13:21Z,50950,7078fb4e3ef5a103b52b95e9de08db93e42d472687fef74abda864d3ab018db1
power/DZA.parquet,NASA POWER monthly regional T2M/PRECTOTCORR 1984-2020,https://power.larc.nasa.gov/api/temporal/monthly/regional,accessed 2026-10-03,2026-10-03T11:13:21Z,259984,aa9de8c9d695a10a87c6524453e435869038d44cadcf6a3880caf45480c9653a
power/ECU.parquet,NASA POWER monthly regional T2M/PRECTOTCORR 1984-2020,https://power.larc.nasa.gov/api/temporal/monthly/regional,accessed 2026-10-03,2026-10-03T11:13:21Z,148282,9146405d2f5ee422c373da362e8bada9d4b8c6cf78880c8aecad151f1f390af4
power/EGY.parquet,NASA POWER monthly regional T2M/PRECTOTCORR 1984-2020,https://power.larc.nasa.gov/api/temporal/monthly/regional,accessed 2026-10-03,2026-10-03T11:13:21Z,146875,11c82b6351211f8e428dc5d356673cf002bd896dc7621eb8e60e23e5940ad89a
power/ERI.parquet,NASA POWER monthly regional T2M/PRECTOTCORR 1984-2020,https://power.larc.nasa.gov/api/temporal/monthly/regional,accessed 2026-10-03,2026-10-03T11:13:21Z,64696,722929ec9c2ebcae89cb74ae159690363b369e54839d690616c71d74de144e46
power/ESP.parquet,NASA POWER monthly regional T2M/PRECTOTCORR 1984-2020,https://power.larc.nasa.gov/api/temporal/monthly/regional,accessed 2026-10-03,2026-10-03T11:13:21Z,371865,614ea67e12ebf841fbbcb87b8683870c38be0b81111154272f381b0542bb6683
power/EST.parquet,NASA POWER monthly regional T2M/PRECTOTCORR 1984-2020,https://power.larc.nasa.gov/api/temporal/monthly/regional,accessed 2026-10-03,2026-10-03T11:13:21Z,80008,2ec3509a3f036680a9157d17aa38360f6889aa21ba3170185e9edb9a04cc7381
power/ETH.parquet,NASA POWER monthly regional T2M/PRECTOTCORR 1984-2020,https://power.larc.nasa.gov/api/temporal/monthly/regional,accessed 2026-10-03,2026-10-03T11:13:21Z,489478,083fef2f1d9ecb6fe1e2b67f9191e5636f4d27b0808e69fff4554556ac69b511
power/FIN.parquet,NASA POWER monthly regional T2M/PRECTOTCORR 1984-2020,https://power.larc.nasa.gov/api/temporal/monthly/regional,accessed 2026-10-03,2026-10-03T11:13:21Z,252067,68579ea120767993d8d2b9ab3d2ae1a69a021114ae4a1989352292ac25b197e1
power/FRA.parquet,NASA POWER monthly regional T2M/PRECTOTCORR 1984-2020,https://power.larc.nasa.gov/api/temporal/monthly/regional,accessed 2026-10-03,2026-10-03T11:13:21Z,413584,c501d7bed2f496a3595049fd271d814657735fddb1c29b440d8f1b27f4a62e04
power/GAB.parquet,NASA POWER monthly regional T2M/PRECTOTCORR 1984-2020,https://power.larc.nasa.gov/api/temporal/monthly/regional,accessed 2026-10-03,2026-10-03T11:13:21Z,126494,3a41466720cf2934fee5cffbc491e81721682843f8c8c78280cec35ddc03d2a7
power/GBR.parquet,NASA POWER monthly regional T2M/PRECTOTCORR 1984-2020,https://power.larc.nasa.gov/api/temporal/monthly/regional,accessed 2026-10-03,2026-10-03T11:13:21Z,250789,7d1115c2fdd9e8e9811645efdbae0a9d829eecac102e7a6fd4b467c873af366c
power/GEO.parquet,NASA POWER monthly regional T2M/PRECTOTCORR 1984-2020,https://power.larc.nasa.gov/api/temporal/monthly/regional,accessed 2026-10-03,2026-10-03T11:13:21Z,89499,582eaf9b0ed63f958ef37b365d1e1563b91c11ad9deed0844d7fa6757e4f4457
power/GHA.parquet,NASA POWER monthly regional T2M/PRECTOTCORR 1984-2020,https://power.larc.nasa.gov/api/temporal/monthly/regional,accessed 2026-10-03,2026-10-03T11:13:21Z,142459,473edeffa0471d37677a6f4c2176d31d4d42d671a07e7c4dba82974eb5007ed7
power/GIN.parquet,NASA POWER monthly regional T2M/PRECTOTCORR 1984-2020,https://power.larc.nasa.gov/api/temporal/monthly/regional,accessed 2026-10-03,2026-10-03T11:13:21Z,165265,6ba93874f5f5256fa93092f6645001295f8b3428e1f03b6112af20bb14976c4f
power/GLP.parquet,NASA POWER monthly regional T2M/PRECTOTCORR 1984-2020,https://power.larc.nasa.gov/api/temporal/monthly/regional,accessed 2026-10-03,2026-10-03T11:13:21Z,17375,671d04e332614b57f7496fa6d3a1092dbb774874bc1d70239bbd7ad4ffbedf31
power/GMB.parquet,NASA POWER monthly regional T2M/PRECTOTCORR 1984-2020,https://power.larc.nasa.gov/api/temporal/monthly/regional,accessed 2026-10-03,2026-10-03T11:13:21Z,33857,bb68a27d492b5601a987a01bc6c160a71a6e5aa60562102a25b4a47ac7bbb692
power/GNB.parquet,NASA POWER monthly regional T2M/PRECTOTCORR 1984-2020,https://power.larc.nasa.gov/api/temporal/monthly/regional,accessed 2026-10-03,2026-10-03T11:13:21Z,48256,1ce20c6839b21cca432fa5b623de81e537750fccd3494afcbdacc0058cef1aab
power/GNQ.parquet,NASA POWER monthly regional T2M/PRECTOTCORR 1984-2020,https://power.larc.nasa.gov/api/temporal/monthly/regional,accessed 2026-10-03,2026-10-03T11:13:21Z,29107,3e3b17117db7f8eb16bd865eb7ad25b20f7f9ce8fa29d04dbf1476bbf6021ed1
power/GRC.parquet,NASA POWER monthly regional T2M/PRECTOTCORR 1984-2020,https://power.larc.nasa.gov/api/temporal/monthly/regional,accessed 2026-10-03,2026-10-03T11:13:21Z,199515,84c71dc95dceb5db6ff5743f19c9013013d5e39d122e1362cf1005781e8288b1
power/GRD.parquet,NASA POWER monthly regional T2M/PRECTOTCORR 1984-2020,https://power.larc.nasa.gov/api/temporal/monthly/regional,accessed 2026-10-03,2026-10-03T11:13:21Z,10389,da37b5a93a1ad04b8d27a3c9c9e5df88ba2fa1791b3494bdb8b94f0005586330
power/GTM.parquet,NASA POWER monthly regional T2M/PRECTOTCORR 1984-2020,https://power.larc.nasa.gov/api/temporal/monthly/regional,accessed 2026-10-03,2026-10-03T11:13:21Z,88355,d824de231a6362569df32cbdd87cd576c4b2ff5b4336107ffd30cf3a63d93088
power/GUF.parquet,NASA POWER monthly regional T2M/PRECTOTCORR 1984-2020,https://power.larc.nasa.gov/api/temporal/monthly/regional,accessed 2026-10-03,2026-10-03T11:13:21Z,60966,d187f84475d2d8901443b9e01c9b8a4b6c83850b4ca6e172f714da548fa05565
power/GUY.parquet,NASA POWER monthly regional T2M/PRECTOTCORR 1984-2020,https://power.larc.nasa.gov/api/temporal/monthly/regional,accessed 2026-10-03,2026-10-03T11:13:21Z,97631,ddcf24e73c4177958b06fcb00fde7db1d0e41ea1b398f9baf1fbf5c6136ecc03
power/HND.parquet,NASA POWER monthly regional T2M/PRECTOTCORR 1984-2020,https://power.larc.nasa.gov/api/temporal/monthly/regional,accessed 2026-10-03,2026-10-03T11:13:21Z,83234,85950370f93c2b1fce24752292aca6b15efca4f9c82efbddaf366d26ea141c8f
power/HRV.parquet,NASA POWER monthly regional T2M/PRECTOTCORR 1984-2020,https://power.larc.nasa.gov/api/temporal/monthly/regional,accessed 2026-10-03,2026-10-03T11:13:21Z,91702,2091bc705ff1d162e63ccd23275d226eb2788c80a37d6a165041b2923f259f24
power/HTI.parquet,NASA POWER monthly regional T2M/PRECTOTCORR 1984-2020,https://power.larc.nasa.gov/api/temporal/monthly/regional,accessed 2026-10-03,2026-10-03T11:13:21Z,40346,44d6110f0933016748e85f9ce122ccd1b71270c0b4cc56705ce3bbb49ae03ef6
power/HUN.parquet,NASA POWER monthly regional T2M/PRECTOTCORR 1984-2020,https://power.larc.nasa.gov/api/temporal/monthly/regional,accessed 2026-10-03,2026-10-03T11:13:21Z,106440,36d75f8c0cfebd3af5fff076ea49a906fd1889f68cedc80c73c21be4cd908e2d
power/IDN.parquet,NASA POWER monthly regional T2M/PRECTOTCORR 1984-2020,https://power.larc.nasa.gov/api/temporal/monthly/regional,accessed 2026-10-03,2026-10-03T11:13:21Z,1111760,8c23672e6edd10548a59ec43b2204d61838f4f5b97a239b6c5b7c6193af90762
power/IND.parquet,NASA POWER monthly regional T2M/PRECTOTCORR 1984-2020,https://power.larc.nasa.gov/api/temporal/monthly/regional,accessed 2026-10-03,2026-10-03T11:13:21Z,1819900,b3bede470c0fdccc851e5ec17109b26a542f831b92eb7d4902a3b0d1ac713e7a
power/IRL.parquet,NASA POWER monthly regional T2M/PRECTOTCORR 1984-2020,https://power.larc.nasa.gov/api/temporal/monthly/regional,accessed 2026-10-03,2026-10-03T11:13:21Z,83586,00fac9b1843b0a64acb8b84bc8dad904f7b277885f777f8cddf2b09176b3d764
power/IRN.parquet,NASA POWER monthly regional T2M/PRECTOTCORR 1984-2020,https://power.larc.nasa.gov/api/temporal/monthly/regional,accessed 2026-10-03,2026-10-03T11:13:21Z,733187,4ca5bc5950babb30cba15b0693b9a1d58e8a6053ada2367e36c5fe7eb7a0e835
power/IRQ.parquet,NASA POWER monthly regional T2M/PRECTOTCORR 1984-2020,https://power.larc.nasa.gov/api/temporal/monthly/regional,accessed 2026-10-03,2026-10-03T11:13:21Z,196341,2c23c2ef0754cf952c31bd5d5f035e3f9790b63034d5c33bf04fbe2a89e2b688
power/ISR.parquet,NASA POWER monthly regional T2M/PRECTOTCORR 1984-2020,https://power.larc.nasa.gov/api/temporal/monthly/regional,accessed 2026-10-03,2026-10-03T11:13:21Z,43130,456482f3efc0ff1b634e5ed1447c513639d867ea992880b2a83c512dba561425
power/ITA.parquet,NASA POWER monthly regional T2M/PRECTOTCORR 1984-2020,https://power.larc.nasa.gov/api/temporal/monthly/regional,accessed 2026-10-03,2026-10-03T11:13:21Z,251879,58f38ce74cfb748f0e85d62f2bc1057d0c801738986fcfab921ee13b14829dc7
power/JAM.parquet,NASA POWER monthly regional T2M/PRECTOTCORR 1984-2020,https://power.larc.nasa.gov/api/temporal/monthly/regional,accessed 2026-10-03,2026-10-03T11:13:21Z,23662,5c0d7ab7d6c2abb661696e02ba70de0b2d9fb61824bf76c9e9b48d143620f92f
power/JOR.parquet,NASA POWER monthly regional T2M/PRECTOTCORR 1984-2020,https://power.larc.nasa.gov/api/temporal/monthly/regional,accessed 2026-10-03,2026-10-03T11:13:21Z,54240,7c5e89bc58729668d7feaffa5fd5575967898ff33a646214ccad0f54563e1ecb
power/JPN.parquet,NASA POWER monthly regional T2M/PRECTOTCORR 1984-2020,https://power.larc.nasa.gov/api/temporal/monthly/regional,accessed 2026-10-03,2026-10-03T11:13:21Z,366976,ce0637979aa21afa9d3fa7e9260c28aa3883425cdb69b4257d76602d5fa77ab7
power/KAZ.parquet,NASA POWER monthly regional T2M/PRECTOTCORR 1984-2020,https://power.larc.nasa.gov/api/temporal/monthly/regional,accessed 2026-10-03,2026-10-03T11:13:21Z,1268004,b29b6d828b73eaabcbe40c596d87757cddedf138e696e988ded3dc14c116da84
power/KEN.parquet,NASA POWER monthly regional T2M/PRECTOTCORR 1984-2020,https://power.larc.nasa.gov/api/temporal/monthly/regional,accessed 2026-10-03,2026-10-03T11:13:21Z,269526,204987b9a19fbe431dd58a8854113db621a32e866596fd54a91e8497bff563b7
power/KGZ.parquet,NASA POWER monthly regional T2M/PRECTOTCORR 1984-2020,https://power.larc.nasa.gov/api/temporal/monthly/regional,accessed 2026-10-03,2026-10-03T11:13:21Z,180595,3ba0b7f8f11be72b0b255b28132e6ae0682fc173eb4d09607b6d5e91238b3ca3
power/KHM.parquet,NASA POWER monthly regional T2M/PRECTOTCORR 1984-2020,https://power.larc.nasa.gov/api/temporal/monthly/regional,accessed 2026-10-03,2026-10-03T11:13:21Z,123534,3c67464372a36963c287bcae26f9fffd5c424b66ceb58950904413252202d382
power/KNA.parquet,NASA POWER monthly regional T2M/PRECTOTCORR 1984-2020,https://power.larc.nasa.gov/api/temporal/monthly/regional,accessed 2026-10-03,2026-10-03T11:13:21Z,12872,27f49c630365b8de319dd48b4a439865eb1e964cc007c20e6e2bfee544734344
power/KOR.parquet,NASA POWER monthly regional T2M/PRECTOTCORR 1984-2020,https://power.larc.nasa.gov/api/temporal/monthly/regional,accessed 2026-10-03,2026-10-03T11:13:21Z,110868,eb677c8a5333425a2e3900192f25cd50241de262d98760326aab341efc5cf86a
power/KWT.parquet,NASA POWER monthly regional T2M/PRECTOTCORR 1984-2020,https://power.larc.nasa.gov/api/temporal/monthly/regional,accessed 2026-10-03,2026-10-03T11:13:21Z,24303,6e3c3ec104b20f9855c38cfbbd5595744c5c9f60430fc0a6c39f282e74aeb25b
power/LAO.parquet,NASA POWER monthly regional T2M/PRECTOTCORR 1984-2020,https://power.larc.nasa.gov/api/temporal/monthly/regional,accessed 2026-10-03,2026-10-03T11:13:21Z,170869,421eb2a1a537c9e0bc1f04c95fc7867373db220dcf199b13aba4b9d4bd9f590d
power/LBN.parquet,NASA POWER monthly regional T2M/PRECTOTCORR 1984-2020,https://power.larc.nasa.gov/api/temporal/monthly/regional,accessed 2026-10-03,2026-10-03T11:13:21Z,33327,d8d786b64f63cd1b89a1f4cfea0b1bd43db2e894d899d04bfa83943d8b90dd42
power/LBR.parquet,NASA POWER monthly regional T2M/PRECTOTCORR 1984-2020,https://power.larc.nasa.gov/api/temporal/monthly/regional,accessed 2026-10-03,2026-10-03T11:13:21Z,76707,90c8e6a0508ed53e5a1149d71cb74dffe5816ac300032cf2289e0280f70f847b
power/LBY.parquet,NASA POWER monthly regional T2M/PRECTOTCORR 1984-2020,https://power.larc.nasa.gov/api/temporal/monthly/regional,accessed 2026-10-03,2026-10-03T11:13:21Z,158717,eb4c27d7b547f2ad8e048f481f4e6412aa1bcaeb4dfe2eede90851a4920a219a
power/LCA.parquet,NASA POWER monthly regional T2M/PRECTOTCORR 1984-2020,https://power.larc.nasa.gov/api/temporal/monthly/regional,accessed 2026-10-03,2026-10-03T11:13:21Z,10572,acc569d82dd0b1c96f99b03a6567d2dfcbe27eeac6e14c804e8c7c230a551745
power/LKA.parquet,NASA POWER monthly regional T2M/PRECTOTCORR 1984-2020,https://power.larc.nasa.gov/api/temporal/monthly/regional,accessed 2026-10-03,2026-10-03T11:13:21Z,60302,80a96725f9fded255b9e04f3b3d4ab596c80239bac8b8ba6efa8ff0ffd9a2c90
power/LSO.parquet,NASA POWER monthly regional T2M/PRECTOTCORR 1984-2020,https://power.larc.nasa.gov/api/temporal/monthly/regional,accessed 2026-10-03,2026-10-03T11:13:21Z,47541,9acc0ec4bf0c05e1dc980e653ba238f19fd3b2ba300341693c5b60efea418ec8
power/LTU.parquet,NASA POWER monthly regional T2M/PRECTOTCORR 1984-2020,https://power.larc.nasa.gov/api/temporal/monthly/regional,accessed 2026-10-03,2026-10-03T11:13:21Z,95064,5c7bec8b1aee8ef4dc184938d0bf472549b9f5e975d1061a34273883a0cbc429
power/LUX.parquet,NASA POWER monthly regional T2M/PRECTOTCORR 1984-2020,https://power.larc.nasa.gov/api/temporal/monthly/regional,accessed 2026-10-03,2026-10-03T11:13:21Z,20702,6af370b68c8bd147df0600802f4a3e2472e963d5d31c31b2a3b21f4f7b73c1fa
power/LVA.parquet,NASA POWER monthly regional T2M/PRECTOTCORR 1984-2020,https://power.larc.nasa.gov/api/temporal/monthly/regional,accessed 2026-10-03,2026-10-03T11:13:21Z,98993,6c05d83af8b6661f66189f7b43c5180bdf74dba439b34b875e5c8d888cccceb4
power/MAR.parquet,NASA POWER monthly regional T2M/PRECTOTCORR 1984-2020,https://power.larc.nasa.gov/api/temporal/monthly/regional,accessed 2026-10-03,2026-10-03T11:13:21Z,214960,d33a49d19aac5b1cca36d3937c203b7287f8a59ca65b54cfe745a852325d1cd4
power/MDA.parquet,NASA POWER monthly regional T2M/PRECTOTCORR 1984-2020,https://power.larc.nasa.gov/api/temporal/monthly/regional,accessed 2026-10-03,2026-10-03T11:13:21Z,64729,b1673d74272c1ed245837f40b39cd8a09321379020f56cf0d80294898e30d22b
power/MDG.parquet,NASA POWER monthly regional T2M/PRECTOTCORR 1984-2020,https://power.larc.nasa.gov/api/temporal/monthly/regional,accessed 2026-10-03,2026-10-03T11:13:21Z,342764,87772dbdd92af13318c46a499fe0f3e0d101bb2c1b9fcd096b911b32a802eac5
power/MEX.parquet,NASA POWER monthly regional T2M/PRECTOTCORR 1984-2020,https://power.larc.nasa.gov/api/temporal/monthly/regional,accessed 2026-10-03,2026-10-03T11:13:21Z,1085350,503910519a88dda00b0dcaa14dbfb8937b318fc3ae7cd89ae3d953e45db6e93d
power/MKD.parquet,NASA POWER monthly regional T2M/PRECTOTCORR 1984-2020,https://power.larc.nasa.gov/api/temporal/monthly/regional,accessed 2026-10-03,2026-10-03T11:13:21Z,49914,85031cf7eed2cefa9e85d979438b304af36d786ae094d386ebae2db1fff7c4a3
power/MLI.parquet,NASA POWER monthly regional T2M/PRECTOTCORR 1984-2020,https://power.larc.nasa.gov/api/temporal/monthly/regional,accessed 2026-10-03,2026-10-03T11:13:21Z,314665,db3bbebb47952bfa52f2b55b3e4ce29acc32e849a4ab4da0500c508b2aedc74b
power/MLT.parquet,NASA POWER monthly regional T2M/PRECTOTCORR 1984-2020,https://power.larc.nasa.gov/api/temporal/monthly/regional,accessed 2026-10-03,2026-10-03T11:13:21Z,10786,ebbc8604333e0b82dfce5ec559d98de96b1eb871c498b733a9be127a3401764d
power/MMR.parquet,NASA POWER monthly regional T2M/PRECTOTCORR 1984-2020,https://power.larc.nasa.gov/api/temporal/monthly/regional,accessed 2026-10-03,2026-10-03T11:13:21Z,423663,6762edf6ade1e0e38890aec4c443ac93f453400b5fc1c1a59d0b3f00ec510673
power/MNG.parquet,NASA POWER monthly regional T2M/PRECTOTCORR 1984-2020,https://power.larc.nasa.gov/api/temporal/monthly/regional,accessed 2026-10-03,2026-10-03T11:13:21Z,225900,6c86f59b87e742b0d63271c55d62afcc32e986b1f5f403185c03895ee51df9d3
power/MOZ.parquet,NASA POWER monthly regional T2M/PRECTOTCORR 1984-2020,https://power.larc.nasa.gov/api/temporal/monthly/regional,accessed 2026-10-03,2026-10-03T11:13:21Z,450202,f2372e3300acf3057e800719fc235b7f39b7f0de48aad12f5939bc0e25c868ee
power/MRT.parquet,NASA POWER monthly regional T2M/PRECTOTCORR 1984-2020,https://power.larc.nasa.gov/api/temporal/monthly/regional,accessed 2026-10-03,2026-10-03T11:13:21Z,129268,3d1917f54c6837dc712fc9a3f9543d98a0f013dcd0af956f88389e00478c511d
power/MTQ.parquet,NASA POWER monthly regional T2M/PRECTOTCORR 1984-2020,https://power.larc.nasa.gov/api/temporal/monthly/regional,accessed 2026-10-03,2026-10-03T11:13:21Z,13420,868b5ae87bee30d3d0d64f4212d810cf1e44c14a88b4f3a767be94af41c9812a
power/MUS.parquet,NASA POWER monthly regional T2M/PRECTOTCORR 1984-2020,https://power.larc.nasa.gov/api/temporal/monthly/regional,accessed 2026-10-03,2026-10-03T11:13:21Z,13247,cb7808c524a5eeec39753487c6ef4fe1e63b60e4f841c795dababebffa437b2f
power/MWI.parquet,NASA POWER monthly regional T2M/PRECTOTCORR 1984-2020,https://power.larc.nasa.gov/api/temporal/monthly/regional,accessed 2026-10-03,2026-10-03T11:13:21Z,95551,873e66045c411b2534434f8e67069bbb8a840379450d74b60c75103e2ed58c84
power/MYS.parquet,NASA POWER monthly regional T2M/PRECTOTCORR 1984-2020,https://power.larc.nasa.gov/api/temporal/monthly/regional,accessed 2026-10-03,2026-10-03T11:13:21Z,199899,e91e7bf7244267f2a18057d891f2fb3d25793c9862bab0e631f2dd946ca5ef30
power/NAM.parquet,NASA POWER monthly regional T2M/PRECTOTCORR 1984-2020,https://power.larc.nasa.gov/api/temporal/monthly/regional,accessed 2026-10-03,2026-10-03T11:13:21Z,213947,8399952b09559b707c7debce3cf5672c378a24d81c5796b6e75cd31cc1afa076
power/NER.parquet,NASA POWER monthly regional T2M/PRECTOTCORR 1984-2020,https://power.larc.nasa.gov/api/temporal/monthly/regional,accessed 2026-10-03,2026-10-03T11:13:21Z,221004,ce2d9a6a6960db233e279ec942ae1d212dff8751d817cb09366e8981097166e0
power/NGA.parquet,NASA POWER monthly regional T2M/PRECTOTCORR 1984-2020,https://power.larc.nasa.gov/api/temporal/monthly/regional,accessed 2026-10-03,2026-10-03T11:13:21Z,469261,5b460268b4578f93fc7f857dfe70fd7bf83f5435319626ef55662ff092f89435
power/NIC.parquet,NASA POWER monthly regional T2M/PRECTOTCORR 1984-2020,https://power.larc.nasa.gov/api/temporal/monthly/regional,accessed 2026-10-03,2026-10-03T11:13:21Z,79643,44bd484bc99a8b641336ebfee056f09fe2146ef48527dd301ef0d42c799a9ebe
power/NLD.parquet,NASA POWER monthly regional T2M/PRECTOTCORR 1984-2020,https://power.larc.nasa.gov/api/temporal/monthly/regional,accessed 2026-10-03,2026-10-03T11:13:21Z,62936,21f82653d863b7a6db73681b9a0fb37b83bea9e34f6afd52832a0f7fc8e6a1c3
power/NOR.parquet,NASA POWER monthly regional T2M/PRECTOTCORR 1984-2020,https://power.larc.nasa.gov/api/temporal/monthly/regional,accessed 2026-10-03,2026-10-03T11:13:21Z,103327,b7d744643b6e744c052e5d01000590f577ac5c9b443edea7c11f5bc37738667f
power/NPL.parquet,NASA POWER monthly regional T2M/PRECTOTCORR 1984-2020,https://power.larc.nasa.gov/api/temporal/monthly/regional,accessed 2026-10-03,2026-10-03T11:13:21Z,138580,b0355f30995b2949328941a768d02529832d563e2766eee8bd2f7ede197180ac
power/NZL.parquet,NASA POWER monthly regional T2M/PRECTOTCORR 1984-2020,https://power.larc.nasa.gov/api/temporal/monthly/regional,accessed 2026-10-03,2026-10-03T11:13:21Z,220041,b178a59009ab9d3f61e5dea2db3b5b827d80dc228b28c99a8cee75c91ec4155f
power/OMN.parquet,NASA POWER monthly regional T2M/PRECTOTCORR 1984-2020,https://power.larc.nasa.gov/api/temporal/monthly/regional,accessed 2026-10-03,2026-10-03T11:13:21Z,74845,f0bf513215edf29b018d7ce068544913d97858b0f43eb775ba9cf7de40705495
power/PAK.parquet,NASA POWER monthly regional T2M/PRECTOTCORR 1984-2020,https://power.larc.nasa.gov/api/temporal/monthly/regional,accessed 2026-10-03,2026-10-03T11:13:21Z,414764,bbff7f8982b8bf16d7937d4c5fc59f87a4e670c00556ee47cca638acefefc39f
power/PAN.parquet,NASA POWER monthly regional T2M/PRECTOTCORR 1984-2020,https://power.larc.nasa.gov/api/temporal/monthly/regional,accessed 2026-10-03,2026-10-03T11:13:21Z,72442,72137a16b5aadf1eefecfed22602d8246e0ad38660f194c964b3fccb5ceed495
power/PER.parquet,NASA POWER monthly regional T2M/PRECTOTCORR 1984-2020,https://power.larc.nasa.gov/api/temporal/monthly/regional,accessed 2026-10-03,2026-10-03T11:13:21Z,608911,300b5510df2d6e357a16c43c72cc47a9b3d1e64aa243f35121982c37d30c8236
power/PHL.parquet,NASA POWER monthly regional T2M/PRECTOTCORR 1984-2020,https://power.larc.nasa.gov/api/temporal/monthly/regional,accessed 2026-10-03,2026-10-03T11:13:21Z,296842,3101ae671b30893c1ef64d43dafad0ceb50af66aacfeb059532775771f0ae536
power/PNG.parquet,NASA POWER monthly regional T2M/PRECTOTCORR 1984-2020,https://power.larc.nasa.gov/api/temporal/monthly/regional,accessed 2026-10-03,2026-10-03T11:13:21Z,271809,d5e044d95a19c4a6fdd15075e1d52af8edff91db1a019227c6504d40dce14ced
power/POL.parquet,NASA POWER monthly regional T2M/PRECTOTCORR 1984-2020,https://power.larc.nasa.gov/api/temporal/monthly/regional,accessed 2026-10-03,2026-10-03T11:13:21Z,274821,0de066b62b55e06315964ad81a9a2bb8a64055b7c7f409a6a03340d5bf0b751f
power/PRI.parquet,NASA POWER monthly regional T2M/PRECTOTCORR 1984-2020,https://power.larc.nasa.gov/api/temporal/monthly/regional,accessed 2026-10-03,2026-10-03T11:13:21Z,23864,fde62720bd2c007fcda0a0852e09b0d926e23f55280c006d3ce4ff0533141f34
power/PRK.parquet,NASA POWER monthly regional T2M/PRECTOTCORR 1984-2020,https://power.larc.nasa.gov/api/temporal/monthly/regional,accessed 2026-10-03,2026-10-03T11:13:21Z,135219,4b7bc219ad41c9fcb501dfbfd4a637e1687b92511ed510817c04dbd1efc26c99
power/PRT.parquet,NASA POWER monthly regional T2M/PRECTOTCORR 1984-2020,https://power.larc.nasa.gov/api/temporal/monthly/regional,accessed 2026-10-03,2026-10-03T11:13:21Z,95119,7223fb71521172050e63b8ed44a8e8960078449eb93401503de8fb34ff79e625
power/PRY.parquet,NASA POWER monthly regional T2M/PRECTOTCORR 1984-2020,https://power.larc.nasa.gov/api/temporal/monthly/regional,accessed 2026-10-03,2026-10-03T11:13:21Z,228833,f6829a6e8263df9420f3635dcb2c2887a2c53d0f5478e5f453f09b847f82317c
power/PSE.parquet,NASA POWER monthly regional T2M/PRECTOTCORR 1984-2020,https://power.larc.nasa.gov/api/temporal/monthly/regional,accessed 2026-10-03,2026-10-03T11:13:21Z,10399,a6363325450904b9923356545e6ae32b67913f013ded2f0f3657ac8c85cdf48e
power/QAT.parquet,NASA POWER monthly regional T2M/PRECTOTCORR 1984-2020,https://power.larc.nasa.gov/api/temporal/monthly/regional,accessed 2026-10-03,2026-10-03T11:13:21Z,16225,614dbe14c5ce1a4532e671c2d90e7c722567980fea2d7c730950923acbfd9c85
power/ROU.parquet,NASA POWER monthly regional T2M/PRECTOTCORR 1984-2020,https://power.larc.nasa.gov/api/temporal/monthly/regional,accessed 2026-10-03,2026-10-03T11:13:21Z,203512,b6865f4c09919fe4b8e9ed90177c6d7d28282d91430c3e479acf826a39bbdc66
power/RUS.parquet,NASA POWER monthly regional T2M/PRECTOTCORR 1984-2020,https://power.larc.nasa.gov/api/temporal/monthly/regional,accessed 2026-10-03,2026-10-03T11:13:21Z,4701974,8faff56b26c61c058094329aad19a1c5faee54226322483ff23274f08e66a485
power/RWA.parquet,NASA POWER monthly regional T2M/PRECTOTCORR 1984-2020,https://power.larc.nasa.gov/api/temporal/monthly/regional,accessed 2026-10-03,2026-10-03T11:13:21Z,37133,3000c112de0a686f3041ade5888eae2011604bfc580d7355d1022e6998fce80e
power/SAU.parquet,NASA POWER monthly regional T2M/PRECTOTCORR 1984-2020,https://power.larc.nasa.gov/api/temporal/monthly/regional,accessed 2026-10-03,2026-10-03T11:13:21Z,319684,06d5f31cd1ae66aed903a51612bb4f745c8418c4ec3312c36ea59a61300baa7e
power/SDN.parquet,NASA POWER monthly regional T2M/PRECTOTCORR 1984-2020,https://power.larc.nasa.gov/api/temporal/monthly/regional,accessed 2026-10-03,2026-10-03T11:13:21Z,761640,4290fc7f9fc83b54608a84ad30fa25a64ad551ba20f861271c8b99d019f31727
power/SEN.parquet,NASA POWER monthly regional T2M/PRECTOTCORR 1984-2020,https://power.larc.nasa.gov/api/temporal/monthly/regional,accessed 2026-10-03,2026-10-03T11:13:21Z,134435,f5864bbcd3710afbe320251b95e89f1f668c85e8ca279f50a339b219d61d4747
power/SGP.parquet,NASA POWER monthly regional T2M/PRECTOTCORR 1984-2020,https://power.larc.nasa.gov/api/temporal/monthly/regional,accessed 2026-10-03,2026-10-03T11:13:21Z,10440,484c5862fe1c52c4b3410669419a4fea08bff9a13c154bc5fa05cc84f74b332d
power/SLE.parquet,NASA POWER monthly regional T2M/PRECTOTCORR 1984-2020,https://power.larc.nasa.gov/api/temporal/monthly/regional,accessed 2026-10-03,2026-10-03T11:13:21Z,70539,4fa83e164e6ddacd67b4d4ae9a947361845e2cff4c25dc018ecd933cd2864d7d
power/SLV.parquet,NASA POWER monthly regional T2M/PRECTOTCORR 1984-2020,https://power.larc.nasa.gov/api/temporal/monthly/regional,accessed 2026-10-03,2026-10-03T11:13:21Z,39350,a1456fd02980280e247b5698d29b04ffe7c319b864348865f5714b9aed2a2751
power/SOM.parquet,NASA POWER monthly regional T2M/PRECTOTCORR 1984-2020,https://power.larc.nasa.gov/api/temporal/monthly/regional,accessed 2026-10-03,2026-10-03T11:13:21Z,207918,dda72cb553c6c62946d12936deedeba0c96b23cfbb864f93be30a84e536fe3ea
power/SRB.parquet,NASA POWER monthly regional T2M/PRECTOTCORR 1984-2020,https://power.larc.nasa.gov/api/temporal/monthly/regional,accessed 2026-10-03,2026-10-03T11:13:21Z,109280,c3bb69eaea2e1dea337f921dd93ff2172ab52b663db8f2830385efb938e19e77
power/STP.parquet,NASA POWER monthly regional T2M/PRECTOTCORR 1984-2020,https://power.larc.nasa.gov/api/temporal/monthly/regional,accessed 2026-10-03,2026-10-03T11:13:21Z,15512,5665e5f278499ee42d6dbde44a4acdbbf9b0749c4b0e24d008909460ad31f3d6
power/SUR.parquet,NASA POWER monthly regional T2M/PRECTOTCORR 1984-2020,https://power.larc.nasa.gov/api/temporal/monthly/regional,accessed 2026-10-03,2026-10-03T11:13:21Z,97819,b1b7bd7053c79624ec50cdb8541c673e607fd2a78b01971812ee50f1ace9d480
power/SVK.parquet,NASA POWER monthly regional T2M/PRECTOTCORR 1984-2020,https://power.larc.nasa.gov/api/temporal/monthly/regional,accessed 2026-10-03,2026-10-03T11:13:21Z,74599,816dce1f67482dcb213ba2bc30a956c4eb902c1280e1004ceb4ed1e7a7cc96aa
power/SVN.parquet,NASA POWER monthly regional T2M/PRECTOTCORR 1984-2020,https://power.larc.nasa.gov/api/temporal/monthly/regional,accessed 2026-10-03,2026-10-03T11:13:21Z,44648,fe7283901d497d634acac16f077854ad836260943e7b5ea2842df387c2926ada
power/SWE.parquet,NASA POWER monthly regional T2M/PRECTOTCORR 1984-2020,https://power.larc.nasa.gov/api/temporal/monthly/regional,accessed 2026-10-03,2026-10-03T11:13:21Z,250667,b46ab26792795761bbfb1b370ac43887de18d57d585f6d04f00140f4282bcab9
power/SWZ.parquet,NASA POWER monthly regional T2M/PRECTOTCORR 1984-2020,https://power.larc.nasa.gov/api/temporal/monthly/regional,accessed 2026-10-03,2026-10-03T11:13:21Z,31639,f50dd5818fa048d1f1eb61230f05ca4dfa1115e60063f304af0092cbfa2af1e0
power/SYR.parquet,NASA POWER monthly regional T2M/PRECTOTCORR 1984-2020,https://power.larc.nasa.gov/api/temporal/monthly/regional,accessed 2026-10-03,2026-10-03T11:13:21Z,129674,b7bae5c1b755205c27957116184158c271ae9064476866f8e8fc88cee94f3628
power/TCD.parquet,NASA POWER monthly regional T2M/PRECTOTCORR 1984-2020,https://power.larc.nasa.gov/api/temporal/monthly/regional,accessed 2026-10-03,2026-10-03T11:13:21Z,306723,d4c7a037bbd4eda8ffa2c74f4da564cfdfb6103719dd06918c2bf8301a01ad7b
power/TGO.parquet,NASA POWER monthly regional T2M/PRECTOTCORR 1984-2020,https://power.larc.nasa.gov/api/temporal/monthly/regional,accessed 2026-10-03,2026-10-03T11:13:21Z,58796,e365a4a9587ea26f64f98553a287f099cb2f7d30b705a39709cfff57cb23f115
power/THA.parquet,NASA POWER monthly regional T2M/PRECTOTCORR 1984-2020,https://power.larc.nasa.gov/api/temporal/monthly/regional,accessed 2026-10-03,2026-10-03T11:13:21Z,329789,7b0c6d72136b9954251002835d9a1ef44268bc9a8a3179d0b8b7c78bb45017b2
power/TJK.parquet,NASA POWER monthly regional T2M/PRECTOTCORR 1984-2020,https://power.larc.nasa.gov/api/temporal/monthly/regional,accessed 2026-10-03,2026-10-03T11:13:21Z,90326,e6d6f19611f3e2e21b456efe30a243b393e39f3e6a0adf0554b85c0ad0a4eee4
power/TKM.parquet,NASA POWER monthly regional T2M/PRECTOTCORR 1984-2020,https://power.larc.nasa.gov/api/temporal/monthly/regional,accessed 2026-10-03,2026-10-03T11:13:21Z,206039,bbb08fd0ba36cd4b993c094095bf437230b88bfe5fa5a02346c87dea069597f1
power/TTO.parquet,NASA POWER monthly regional T2M/PRECTOTCORR 1984-2020,https://power.larc.nasa.gov/api/temporal/monthly/regional,accessed 2026-10-03,2026-10-03T11:13:21Z,22996,cdb9927ff0fa1541c025d6c433dc35bc1d374f1d00fcede859774dd23754444e
power/TUN.parquet,NASA POWER monthly regional T2M/PRECTOTCORR 1984-2020,https://power.larc.nasa.gov/api/temporal/monthly/regional,accessed 2026-10-03,2026-10-03T11:13:21Z,109713,54f8072cadb01207fda6a23605bcbba3c02fe038a43b7126aa74abc9e6fb4a86
power/TUR.parquet,NASA POWER monthly regional T2M/PRECTOTCORR 1984-2020,https://power.larc.nasa.gov/api/temporal/monthly/regional,accessed 2026-10-03,2026-10-03T11:13:21Z,554848,1dabc7b276f0b85e289fc8575913df37acb43d36b97cf046ac02b58ade2d7f52
power/TWN.parquet,NASA POWER monthly regional T2M/PRECTOTCORR 1984-2020,https://power.larc.nasa.gov/api/temporal/monthly/regional,accessed 2026-10-03,2026-10-03T11:13:21Z,55172,902b61a9910d5ffa44129d533e50834a83a6d7b2d9da21d3ddff1e471f4d2e1d
power/TZA.parquet,NASA POWER monthly regional T2M/PRECTOTCORR 1984-2020,https://power.larc.nasa.gov/api/temporal/monthly/regional,accessed 2026-10-03,2026-10-03T11:13:21Z,451625,0916ec3b96dbe0038f44e70b274596f3c36941c9f982553bd0fc51c86cd8e0f5
power/UGA.parquet,NASA POWER monthly regional T2M/PRECTOTCORR 1984-2020,https://power.larc.nasa.gov/api/temporal/monthly/regional,accessed 2026-10-03,2026-10-03T11:13:21Z,137623,93ae3fad445a01ce3ae245e8207c71dd0732c2719d51c28c214bb36922c0d412
power/UKR.parquet,NASA POWER monthly regional T2M/PRECTOTCORR 1984-2020,https://power.larc.nasa.gov/api/temporal/monthly/regional,accessed 2026-10-03,2026-10-03T11:13:21Z,492627,7a4e9c44db8fdf5e4c6104325822e1b3ec425f6453a409f71648bd559f0d20b4
power/URY.parquet,NASA POWER monthly regional T2M/PRECTOTCORR 1984-2020,https://power.larc.nasa.gov/api/temporal/monthly/regional,accessed 2026-10-03,2026-10-03T11:13:21Z,135746,ce8ace8edfde252c36114f8dff6ad281b9413f7325bd5525618c82f66e3a478a
power/USA.parquet,NASA POWER monthly regional T2M/PRECTOTCORR 1984-2020,https://power.larc.nasa.gov/api/temporal/monthly/regional,accessed 2026-10-03,2026-10-03T11:13:21Z,4341628,995244b4d01e3e27a3224aee6774d914bd343ede754e5c77a45d1a4fde3c2164
power/UZB.parquet,NASA POWER monthly regional T2M/PRECTOTCORR 1984-2020,https://power.larc.nasa.gov/api/temporal/monthly/regional,accessed 2026-10-03,2026-10-03T11:13:21Z,165213,f69c8a9cca842b10b2ca2eaa3f31b66d5fefc71d41f941a21079687cdc875935
power/VCT.parquet,NASA POWER monthly regional T2M/PRECTOTCORR 1984-2020,https://power.larc.nasa.gov/api/temporal/monthly/regional,accessed 2026-10-03,2026-10-03T11:13:21Z,12815,4afd6278a39cf11ebadbdf2175ba2ad6697489dee156046440c122d379861a41
power/VEN.parquet,NASA POWER monthly regional T2M/PRECTOTCORR 1984-2020,https://power.larc.nasa.gov/api/temporal/monthly/regional,accessed 2026-10-03,2026-10-03T11:13:21Z,383221,d375138a5781a19ddcbc1f9c42457484a165e303e2f75c8d49ebae1b040d51ac
power/VNM.parquet,NASA POWER monthly regional T2M/PRECTOTCORR 1984-2020,https://power.larc.nasa.gov/api/temporal/monthly/regional,accessed 2026-10-03,2026-10-03T11:13:21Z,251556,0bebafaf379eb84ad321c37a526c6383173703b1132958dfe1cf865a4f323258
power/VUT.parquet,NASA POWER monthly regional T2M/PRECTOTCORR 1984-2020,https://power.larc.nasa.gov/api/temporal/monthly/regional,accessed 2026-10-03,2026-10-03T11:13:21Z,47353,7ed27f42f9f0ea27e0e84ea682f640f1ef0f9f92de6c16bbcbddc98055f84085
power/YEM.parquet,NASA POWER monthly regional T2M/PRECTOTCORR 1984-2020,https://power.larc.nasa.gov/api/temporal/monthly/regional,accessed 2026-10-03,2026-10-03T11:13:21Z,132678,262018f59dbd2f6370d80795903f42d7071fd08593e8181e4fbd8764189444a9
power/ZAF.parquet,NASA POWER monthly regional T2M/PRECTOTCORR 1984-2020,https://power.larc.nasa.gov/api/temporal/monthly/regional,accessed 2026-10-03,2026-10-03T11:13:21Z,609323,cad3bc520487cb113de47e12afaf6e5107168e866dca80fef6b01d95f1350908
power/ZMB.parquet,NASA POWER monthly regional T2M/PRECTOTCORR 1984-2020,https://power.larc.nasa.gov/api/temporal/monthly/regional,accessed 2026-10-03,2026-10-03T11:13:21Z,400768,ae8a572557db6b6448fab765b9a81668f47bd86b9e9e9d40a10275c02dfc48c3
power/ZWE.parquet,NASA POWER monthly regional T2M/PRECTOTCORR 1984-2020,https://power.larc.nasa.gov/api/temporal/monthly/regional,accessed 2026-10-03,2026-10-03T11:13:21Z,228962,ccd1a36fdc2fe907163a20a7f988aab3960fd40dec45a10feb9ba05780ab448f
power/json/AFG.json,NASA POWER monthly regional T2M/PRECTOTCORR 1984-2020,https://power.larc.nasa.gov/api/temporal/monthly/regional,accessed 2026-10-03,2026-10-03T11:13:21Z,7208165,26ff5089624736dfffa1385c276e544f6eeaa9efcf29a324815252d10de80f98
power/json/AGO.json,NASA POWER monthly regional T2M/PRECTOTCORR 1984-2020,https://power.larc.nasa.gov/api/temporal/monthly/regional,accessed 2026-10-03,2026-10-03T11:13:21Z,9607926,8e2b57ac9671f15f5b6703843894200d202b1eb64c334ef008b527f2351e61d1
power/json/ALB.json,NASA POWER monthly regional T2M/PRECTOTCORR 1984-2020,https://power.larc.nasa.gov/api/temporal/monthly/regional,accessed 2026-10-03,2026-10-03T11:13:21Z,626488,a2f5b557b96cecc826ab004bb310c61497b65d20a4519a25d01c14561772cfdc
power/json/ARE.json,NASA POWER monthly regional T2M/PRECTOTCORR 1984-2020,https://power.larc.nasa.gov/api/temporal/monthly/regional,accessed 2026-10-03,2026-10-03T11:13:21Z,1004362,caf753a905d316c67c711a6deb9d9da059ff169da477215ad55a9339d5365ca4
power/json/ARG.json,NASA POWER monthly regional T2M/PRECTOTCORR 1984-2020,https://power.larc.nasa.gov/api/temporal/monthly/regional,accessed 2026-10-03,2026-10-03T11:13:21Z,30565493,caeac579b9c33156342ba8712f3a02f4fee41f9d6774fd356ff7146ffa0cf2db
power/json/ARM.json,NASA POWER monthly regional T2M/PRECTOTCORR 1984-2020,https://power.larc.nasa.gov/api/temporal/monthly/regional,accessed 2026-10-03,2026-10-03T11:13:21Z,563789,7341e8cf5c7b4d907cd436818a8de1d7ea27d50fd26ffb960c65fb34c395168b
power/json/ATG.json,NASA POWER monthly regional T2M/PRECTOTCORR 1984-2020,https://power.larc.nasa.gov/api/temporal/monthly/regional,accessed 2026-10-03,2026-10-03T11:13:21Z,553792,f903d67480cf8fc0c68beef72d127fbbb300e245439f3a115cd0a13ad4376b4d
power/json/AUS.json,NASA POWER monthly regional T2M/PRECTOTCORR 1984-2020,https://power.larc.nasa.gov/api/temporal/monthly/regional,accessed 2026-10-03,2026-10-03T11:13:21Z,65698713,7069eddcd03c4efd50a883899900ecd34a0a2df6f53b4c8e45349de9b3509ed2
power/json/AUT.json,NASA POWER monthly regional T2M/PRECTOTCORR 1984-2020,https://power.larc.nasa.gov/api/temporal/monthly/regional,accessed 2026-10-03,2026-10-03T11:13:21Z,1422185,8cf66fe8481eeae677505dd0f894c48cb29b055102aef3b4577af3aed2390038
power/json/AZE.json,NASA POWER monthly regional T2M/PRECTOTCORR 1984-2020,https://power.larc.nasa.gov/api/temporal/monthly/regional,accessed 2026-10-03,2026-10-03T11:13:21Z,1409514,d0e81df1d6bf1fed49d59b446cfdd7e18141a946ad9f38a51c793b6b9b99fae4
power/json/BDI.json,NASA POWER monthly regional T2M/PRECTOTCORR 1984-2020,https://power.larc.nasa.gov/api/temporal/monthly/regional,accessed 2026-10-03,2026-10-03T11:13:21Z,443038,1203d4f824bc7c4f515dd1852075eec5b434f7ab478000883e28cb6a16cd6d65
power/json/BEL.json,NASA POWER monthly regional T2M/PRECTOTCORR 1984-2020,https://power.larc.nasa.gov/api/temporal/monthly/regional,accessed 2026-10-03,2026-10-03T11:13:21Z,748247,5cd878a9a0e52b800dc56c57ebc4b3ece90061813d9effbda7ee379b3b129e12
power/json/BEN.json,NASA POWER monthly regional T2M/PRECTOTCORR 1984-2020,https://power.larc.nasa.gov/api/temporal/monthly/regional,accessed 2026-10-03,2026-10-03T11:13:21Z,1546607,60b095aa1c3cc6b1eeae79e740297d1b23f0e3475aa3b335f9e1fd33705a64ed
power/json/BFA.json,NASA POWER monthly regional T2M/PRECTOTCORR 1984-2020,https://power.larc.nasa.gov/api/temporal/monthly/regional,accessed 2026-10-03,2026-10-03T11:13:21Z,3068121,4d6d29a83595474e1d4a6c7a279a0b5638bf4306a9d7590739d9d9e03a619852
power/json/BGD.json,NASA POWER monthly regional T2M/PRECTOTCORR 1984-2020,https://power.larc.nasa.gov/api/temporal/monthly/regional,accessed 2026-10-03,2026-10-03T11:13:21Z,1857204,c67c54d1b599d58e66969fb15570d49f9552616ecb1732b11cd1d8ca363bfef9
power/json/BGR.json,NASA POWER monthly regional T2M/PRECTOTCORR 1984-2020,https://power.larc.nasa.gov/api/temporal/monthly/regional,accessed 2026-10-03,2026-10-03T11:13:21Z,1315081,9f8af3eb5fb08b3fb767b719227512a973d8072a8d32b2d8d142ae96305cc77d
power/json/BHR.json,NASA POWER monthly regional T2M/PRECTOTCORR 1984-2020,https://power.larc.nasa.gov/api/temporal/monthly/regional,accessed 2026-10-03,2026-10-03T11:13:21Z,545981,4e321f620c37832b61bf934373b4f0935be872899f5865a870d383a5983d1462
power/json/BIH.json,NASA POWER monthly regional T2M/PRECTOTCORR 1984-2020,https://power.larc.nasa.gov/api/temporal/monthly/regional,accessed 2026-10-03,2026-10-03T11:13:21Z,877382,23119f5ce5cc8d190b2cce69041deaf16eed97206a006fb12347503735099678
power/json/BLR.json,NASA POWER monthly regional T2M/PRECTOTCORR 1984-2020,https://power.larc.nasa.gov/api/temporal/monthly/regional,accessed 2026-10-03,2026-10-03T11:13:21Z,2932038,6f865ae6c4d6104f1228552c19ff72b7cff82d226436f342ff7f08628879b2d5
power/json/BLZ.json,NASA POWER monthly regional T2M/PRECTOTCORR 1984-2020,https://power.larc.nasa.gov/api/temporal/monthly/regional,accessed 2026-10-03,2026-10-03T11:13:21Z,332694,27c8fbe910750479f872a230c1d1bc0cf9ea6e79915992b859040e3b4251acff
power/json/BOL.json,NASA POWER monthly regional T2M/PRECTOTCORR 1984-2020,https://power.larc.nasa.gov/api/temporal/monthly/regional,accessed 2026-10-03,2026-10-03T11:13:21Z,9610881,eccb4cad98861b7cc7bfc2eba4a72641bde9b72104aa15f10054698181b51231
power/json/BRA.json,NASA POWER monthly regional T2M/PRECTOTCORR 1984-2020,https://power.larc.nasa.gov/api/temporal/monthly/regional,accessed 2026-10-03,2026-10-03T11:13:21Z,80029470,91e15e8b94a8ea40058d2ec8afe0779b732b4602c0867b17e055d473a229d790
power/json/BRB.json,NASA POWER monthly regional T2M/PRECTOTCORR 1984-2020,https://power.larc.nasa.gov/api/temporal/monthly/regional,accessed 2026-10-03,2026-10-03T11:13:21Z,553827,9ab812175b861d2c339d3cdfeeef7771c0d88fa32f5599fde53f0cb78fd96aeb
power/json/BRN.json,NASA POWER monthly regional T2M/PRECTOTCORR 1984-2020,https://power.larc.nasa.gov/api/temporal/monthly/regional,accessed 2026-10-03,2026-10-03T11:13:21Z,557597,edfed2e8be030e5b32728d921ea4a155288dfaf16be3048afc39fcebfb95e9a0
power/json/BTN.json,NASA POWER monthly regional T2M/PRECTOTCORR 1984-2020,https://power.larc.nasa.gov/api/temporal/monthly/regional,accessed 2026-10-03,2026-10-03T11:13:21Z,547233,9856abd4e3baa32f03d3f393ce7e6f528d6e22c33d1dcf8ac20d28248eb1af05
power/json/BWA.json,NASA POWER monthly regional T2M/PRECTOTCORR 1984-2020,https://power.larc.nasa.gov/api/temporal/monthly/regional,accessed 2026-10-03,2026-10-03T11:13:21Z,5356430,22211a5c685bab34eb0f000153914f610705e4c49eddd77d819cffb0822434bf
power/json/CAF.json,NASA POWER monthly regional T2M/PRECTOTCORR 1984-2020,https://power.larc.nasa.gov/api/temporal/monthly/regional,accessed 2026-10-03,2026-10-03T11:13:21Z,6297446,837c8227fdcad0761e7af8587d80dfcd09337b4b1649c46bc2d506f5cb3e300f
power/json/CAN.json,NASA POWER monthly regional T2M/PRECTOTCORR 1984-2020,https://power.larc.nasa.gov/api/temporal/monthly/regional,accessed 2026-10-03,2026-10-03T11:13:21Z,72530005,19d97aeb3dae9f90a43e2c86d867f75b99572939be49f13929ef92ab923f684c
power/json/CHE.json,NASA POWER monthly regional T2M/PRECTOTCORR 1984-2020,https://power.larc.nasa.gov/api/temporal/monthly/regional,accessed 2026-10-03,2026-10-03T11:13:21Z,655568,4f8c77673ccfc7c2477e2146d07b3e6852dc110866210513c9341d32f057fc30
power/json/CHL.json,NASA POWER monthly regional T2M/PRECTOTCORR 1984-2020,https://power.larc.nasa.gov/api/temporal/monthly/regional,accessed 2026-10-03,2026-10-03T11:13:21Z,19488870,bb9f5e02ebe24871642ff7914985d844da5cecc6b341eb953822e75ad125198e
power/json/CHN.json,NASA POWER monthly regional T2M/PRECTOTCORR 1984-2020,https://power.larc.nasa.gov/api/temporal/monthly/regional,accessed 2026-10-03,2026-10-03T11:13:21Z,110901969,63de8430afa38a8daf3981418ba2c9cad91349d7b8da2753f6c1cf1bcd238f02
power/json/CIV.json,NASA POWER monthly regional T2M/PRECTOTCORR 1984-2020,https://power.larc.nasa.gov/api/temporal/monthly/regional,accessed 2026-10-03,2026-10-03T11:13:21Z,2658811,1a8d35d7301438e110f15202579d850f0be18f356c017097ad7858796174d619
power/json/CMR.json,NASA POWER monthly regional T2M/PRECTOTCORR 1984-2020,https://power.larc.nasa.gov/api/temporal/monthly/regional,accessed 2026-10-03,2026-10-03T11:13:21Z,5522628,4a007257974e4758fc5b22ff62ac3fda6a26c8b051e36bf18acd636042a91431
power/json/COD.json,NASA POWER monthly regional T2M/PRECTOTCORR 1984-2020,https://power.larc.nasa.gov/api/temporal/monthly/regional,accessed 2026-10-03,2026-10-03T11:13:21Z,19449704,730a2a1ec62d52484cf56805f21fed74cf4e0c38095e4ac384552324a2a69269
power/json/COG.json,NASA POWER monthly regional T2M/PRECTOTCORR 1984-2020,https://power.larc.nasa.gov/api/temporal/monthly/regional,accessed 2026-10-03,2026-10-03T11:13:21Z,4212663,083598f61430ba1e223d6a298efdc3a046ee35ef317b1cde082c4200c7df5bdc
power/json/COL.json,NASA POWER monthly regional T2M/PRECTOTCORR 1984-2020,https://power.larc.nasa.gov/api/temporal/monthly/regional,accessed 2026-10-03,2026-10-03T11:13:21Z,10258693,f9bfd7a62a587600cdc840c91ea2ffe42e0d06b6f9a4bd949b4aa97b3483d053
power/json/COM.json,NASA POWER monthly regional T2M/PRECTOTCORR 1984-2020,https://power.larc.nasa.gov/api/temporal/monthly/regional,accessed 2026-10-03,2026-10-03T11:13:21Z,395721,287c40eae12c1a99da77216f3927a471ab84807a6ffc743ddb16434f50d53db7
power/json/CRI.json,NASA POWER monthly regional T2M/PRECTOTCORR 1984-2020,https://power.larc.nasa.gov/api/temporal/monthly/regional,accessed 2026-10-03,2026-10-03T11:13:21Z,778527,9d4c66f98c25f640b0906e00b7e4c3d3edd0ecc507a9ccc04fc48739ab80ab46
power/json/CUB.json,NASA POWER monthly regional T2M/PRECTOTCORR 1984-2020,https://power.larc.nasa.gov/api/temporal/monthly/regional,accessed 2026-10-03,2026-10-03T11:13:21Z,1883383,a51416c65efedd7b00c96bf5be4dd651a863883cfe16e48146ab2be97af65d13
power/json/CYP.json,NASA POWER monthly regional T2M/PRECTOTCORR 1984-2020,https://power.larc.nasa.gov/api/temporal/monthly/regional,accessed 2026-10-03,2026-10-03T11:13:21Z,316036,8f69251fd98a002380df1469fb9ace8c65cf53ad0bfbcfbf3f5c58bcd3e2e515
power/json/CZE.json,NASA POWER monthly regional T2M/PRECTOTCORR 1984-2020,https://power.larc.nasa.gov/api/temporal/monthly/regional,accessed 2026-10-03,2026-10-03T11:13:21Z,1312597,213fcb9d485de354ac7d1c4c17bd7c72cfa70a9db20452f5469b97929f961704
power/json/DEU.json,NASA POWER monthly regional T2M/PRECTOTCORR 1984-2020,https://power.larc.nasa.gov/api/temporal/monthly/regional,accessed 2026-10-03,2026-10-03T11:13:21Z,4506135,18d9618d5712ca3a1bc3ba75fad1914c86fca21537b626b2859dfbb23771330e
power/json/DJI.json,NASA POWER monthly regional T2M/PRECTOTCORR 1984-2020,https://power.larc.nasa.gov/api/temporal/monthly/regional,accessed 2026-10-03,2026-10-03T11:13:21Z,284443,aa79a50701e8f8b72b3736ff6e80273c80b5e2d74f88842fc7bc5d81ded5e563
power/json/DMA.json,NASA POWER monthly regional T2M/PRECTOTCORR 1984-2020,https://power.larc.nasa.gov/api/temporal/monthly/regional,accessed 2026-10-03,2026-10-03T11:13:21Z,553806,9aef7920eab439743288e5145dac9f3ee523bad17e14a8005a6832b557eae1f6
power/json/DNK.json,NASA POWER monthly regional T2M/PRECTOTCORR 1984-2020,https://power.larc.nasa.gov/api/temporal/monthly/regional,accessed 2026-10-03,2026-10-03T11:13:21Z,1619249,039323bdf0b210d04d0a287914f3e3fbfa5f5634dd2f18233c34d2ca6f0cc729
power/json/DOM.json,NASA POWER monthly regional T2M/PRECTOTCORR 1984-2020,https://power.larc.nasa.gov/api/temporal/monthly/regional,accessed 2026-10-03,2026-10-03T11:13:21Z,759509,fb38c6dcee38c196942739a745389168db228b05c5e962a73d47141046db6c83
power/json/DZA.json,NASA POWER monthly regional T2M/PRECTOTCORR 1984-2020,https://power.larc.nasa.gov/api/temporal/monthly/regional,accessed 2026-10-03,2026-10-03T11:13:21Z,12177949,6d52a15cc056565b66dbb79f97b74dfd46583bed74feb542f6eaf9a64bbdac41
power/json/ECU.json,NASA POWER monthly regional T2M/PRECTOTCORR 1984-2020,https://power.larc.nasa.gov/api/temporal/monthly/regional,accessed 2026-10-03,2026-10-03T11:13:21Z,2375891,e11d63560599ce03735fb3e14f0e84a39e4e270bbcaa33cad4b3b65744c04a2a
power/json/EGY.json,NASA POWER monthly regional T2M/PRECTOTCORR 1984-2020,https://power.larc.nasa.gov/api/temporal/monthly/regional,accessed 2026-10-03,2026-10-03T11:13:21Z,5290299,c73862f7d57349e8b42e75dd61a005a2857534d13e3e4954323098969792d41b
power/json/ERI.json,NASA POWER monthly regional T2M/PRECTOTCORR 1984-2020,https://power.larc.nasa.gov/api/temporal/monthly/regional,accessed 2026-10-03,2026-10-03T11:13:21Z,1009437,c61cdd7251c0dd51d23290c8de2a902f1fd3f744f9aca6aebbf41eaa9bbbad34
power/json/ESP.json,NASA POWER monthly regional T2M/PRECTOTCORR 1984-2020,https://power.larc.nasa.gov/api/temporal/monthly/regional,accessed 2026-10-03,2026-10-03T11:13:21Z,6414079,3219c13b3a108a1d7dda7e0221a2b96e905332defa0af2a89ef4d1e4fdee10f9
power/json/EST.json,NASA POWER monthly regional T2M/PRECTOTCORR 1984-2020,https://power.larc.nasa.gov/api/temporal/monthly/regional,accessed 2026-10-03,2026-10-03T11:13:21Z,1125425,d8904ffcc5e65f4bd19781371fe33eefc749d37fec4569d2d433e3aea91a57c1
power/json/ETH.json,NASA POWER monthly regional T2M/PRECTOTCORR 1984-2020,https://power.larc.nasa.gov/api/temporal/monthly/regional,accessed 2026-10-03,2026-10-03T11:13:21Z,8689546,0c79c1b889bc3b29994f4731d4ea9074f2f061329083e5d3c6832bacecb72c03
power/json/FIN.json,NASA POWER monthly regional T2M/PRECTOTCORR 1984-2020,https://power.larc.nasa.gov/api/temporal/monthly/regional,accessed 2026-10-03,2026-10-03T11:13:21Z,4947129,5ab4e913cd88bf3046e407828cb31731301617602d8920ad31520f5163c205ca
power/json/FRA.json,NASA POWER monthly regional T2M/PRECTOTCORR 1984-2020,https://power.larc.nasa.gov/api/temporal/monthly/regional,accessed 2026-10-03,2026-10-03T11:13:21Z,8215837,39731f1688584d708eddccf2cb3f2b739a4b92b62f8685319e5421bc387f5c87
power/json/GAB.json,NASA POWER monthly regional T2M/PRECTOTCORR 1984-2020,https://power.larc.nasa.gov/api/temporal/monthly/regional,accessed 2026-10-03,2026-10-03T11:13:21Z,2537500,2a48f26539e9313dd1e612ac6ba70681433fb1c8072334759245140981f13dae
power/json/GBR.json,NASA POWER monthly regional T2M/PRECTOTCORR 1984-2020,https://power.larc.nasa.gov/api/temporal/monthly/regional,accessed 2026-10-03,2026-10-03T11:13:21Z,6079614,659fc6c4650269d4cdc86b29d6feba3c1f4aaa8ee29316377ae3633c393c1e74
power/json/GEO.json,NASA POWER monthly regional T2M/PRECTOTCORR 1984-2020,https://power.larc.nasa.gov/api/temporal/monthly/regional,accessed 2026-10-03,2026-10-03T11:13:21Z,1425803,cf45490e17c9148779546c2f2ed6af841e97a776eb8415032bfdef5ce0bb3d29
power/json/GHA.json,NASA POWER monthly regional T2M/PRECTOTCORR 1984-2020,https://power.larc.nasa.gov/api/temporal/monthly/regional,accessed 2026-10-03,2026-10-03T11:13:21Z,1991707,bf095e160c01d934113f970ca94f925d358c22c54f3b09dd35b0da3bafa4a4c8
power/json/GIN.json,NASA POWER monthly regional T2M/PRECTOTCORR 1984-2020,https://power.larc.nasa.gov/api/temporal/monthly/regional,accessed 2026-10-03,2026-10-03T11:13:21Z,2661732,7b49a04c4aa05529c3356b5c3e91ce4d960fa893ea2b3dc620d5e89b8edfec2a
power/json/GLP.json,NASA POWER monthly regional T2M/PRECTOTCORR 1984-2020,https://power.larc.nasa.gov/api/temporal/monthly/regional,accessed 2026-10-03,2026-10-03T11:13:21Z,553815,7d16a5acb86a1d8478912bb5b79dc4a42a3bf57e4d4358de1d875f0ba4cc6b8c
power/json/GMB.json,NASA POWER monthly regional T2M/PRECTOTCORR 1984-2020,https://power.larc.nasa.gov/api/temporal/monthly/regional,accessed 2026-10-03,2026-10-03T11:13:21Z,471673,4b892145b62bb286cf6a58875fc0779cb3d008019ddae5ff667d6eed68447774
power/json/GNB.json,NASA POWER monthly regional T2M/PRECTOTCORR 1984-2020,https://power.larc.nasa.gov/api/temporal/monthly/regional,accessed 2026-10-03,2026-10-03T11:13:21Z,473136,3d26117948d112129979ed1d5ef00983e2e111738062a64864792369c0a0b96e
power/json/GNQ.json,NASA POWER monthly regional T2M/PRECTOTCORR 1984-2020,https://power.larc.nasa.gov/api/temporal/monthly/regional,accessed 2026-10-03,2026-10-03T11:13:21Z,666967,9d2c85375bd7dcfbf1e5c9e688c660ec1a54ee8198af674e56221034002add68
power/json/GRC.json,NASA POWER monthly regional T2M/PRECTOTCORR 1984-2020,https://power.larc.nasa.gov/api/temporal/monthly/regional,accessed 2026-10-03,2026-10-03T11:13:21Z,3539229,d82a4948e2a12cdee7a77eb8ddc4be5ae36b145b5d97c2912021ac1067692047
power/json/GRD.json,NASA POWER monthly regional T2M/PRECTOTCORR 1984-2020,https://power.larc.nasa.gov/api/temporal/monthly/regional,accessed 2026-10-03,2026-10-03T11:13:21Z,553837,8d437518aead89d0d82ea33d72a53de7e238ab64cc303dd544277022d7090355
power/json/GTM.json,NASA POWER monthly regional T2M/PRECTOTCORR 1984-2020,https://power.larc.nasa.gov/api/temporal/monthly/regional,accessed 2026-10-03,2026-10-03T11:13:21Z,1426735,41e9d872ddf608e192a1e32eccd750e08f998b02aa740531b67a2d1ebc4d17d1
power/json/GUF.json,NASA POWER monthly regional T2M/PRECTOTCORR 1984-2020,https://power.larc.nasa.gov/api/temporal/monthly/regional,accessed 2026-10-03,2026-10-03T11:13:21Z,764072,2bf5b9cb23bc6b0bc5bbb6633c8f26b5a68527ab12a13ca0c642e1db4dffa787
power/json/GUY.json,NASA POWER monthly regional T2M/PRECTOTCORR 1984-2020,https://power.larc.nasa.gov/api/temporal/monthly/regional,accessed 2026-10-03,2026-10-03T11:13:21Z,1776613,d5afec0b1ce72ab2088118e780d803f498df18b5f53b4b021028bb46c78982cb
power/json/HND.json,NASA POWER monthly regional T2M/PRECTOTCORR 1984-2020,https://power.larc.nasa.gov/api/temporal/monthly/regional,accessed 2026-10-03,2026-10-03T11:13:21Z,1394540,5519edd70162eea67aa5e59013e17ff458c193db4298ff8fa88db6593389c7e3
power/json/HRV.json,NASA POWER monthly regional T2M/PRECTOTCORR 1984-2020,https://power.larc.nasa.gov/api/temporal/monthly/regional,accessed 2026-10-03,2026-10-03T11:13:21Z,1724232,4f527d2a71c58fdc0bc0e568a64ad363f28a4baf397e252a0edc009d45403a2d
power/json/HTI.json,NASA POWER monthly regional T2M/PRECTOTCORR 1984-2020,https://power.larc.nasa.gov/api/temporal/monthly/regional,accessed 2026-10-03,2026-10-03T11:13:21Z,569513,279ea76774fef06598cd9397de3c36eef06fc6b0b5a591b1535b9deeb86c686f
power/json/HUN.json,NASA POWER monthly regional T2M/PRECTOTCORR 1984-2020,https://power.larc.nasa.gov/api/temporal/monthly/regional,accessed 2026-10-03,2026-10-03T11:13:21Z,1425280,ffac5d168386dc0d64cb284419ba3c8c75c0d649dfc2a4b5688ef8e757f52b44
power/json/IDN.json,NASA POWER monthly regional T2M/PRECTOTCORR 1984-2020,https://power.larc.nasa.gov/api/temporal/monthly/regional,accessed 2026-10-03,2026-10-03T11:13:21Z,42240067,31145de4bca5100f465a59ad4138b659fffcd6440c14cdf4a96a28e614834bce
power/json/IND.json,NASA POWER monthly regional T2M/PRECTOTCORR 1984-2020,https://power.larc.nasa.gov/api/temporal/monthly/regional,accessed 2026-10-03,2026-10-03T11:13:21Z,45503729,555df1d4c0514f671039a7f2ca493a8054e520da46cad726c440cc998f03b05e
power/json/IRL.json,NASA POWER monthly regional T2M/PRECTOTCORR 1984-2020,https://power.larc.nasa.gov/api/temporal/monthly/regional,accessed 2026-10-03,2026-10-03T11:13:21Z,1262108,025c46d24298ad2d1c3f57496d6f67d7f8bcbf1c8ffffbe950cf687cc03b4c32
power/json/IRN.json,NASA POWER monthly regional T2M/PRECTOTCORR 1984-2020,https://power.larc.nasa.gov/api/temporal/monthly/regional,accessed 2026-10-03,2026-10-03T11:13:21Z,15509629,72367282031017a851530dd9948d87660a8d715a5e898cd72106cee859c1a30b
power/json/IRQ.json,NASA POWER monthly regional T2M/PRECTOTCORR 1984-2020,https://power.larc.nasa.gov/api/temporal/monthly/regional,accessed 2026-10-03,2026-10-03T11:13:21Z,4248367,3dbe620ef5ae7242499bb2449813a8b2aaffa4d0269a2e31bb129075a86e1800
power/json/ISR.json,NASA POWER monthly regional T2M/PRECTOTCORR 1984-2020,https://power.larc.nasa.gov/api/temporal/monthly/regional,accessed 2026-10-03,2026-10-03T11:13:21Z,470456,6e02c0050c7adff138af32695c521eb845fe5dad89a4e5f3e059224764671e92
power/json/ITA.json,NASA POWER monthly regional T2M/PRECTOTCORR 1984-2020,https://power.larc.nasa.gov/api/temporal/monthly/regional,accessed 2026-10-03,2026-10-03T11:13:21Z,6612626,167ee6c08c83651d114a91acc8ac3b3f591fb98f825b6e6ce084e589b04069fe
power/json/JAM.json,NASA POWER monthly regional T2M/PRECTOTCORR 1984-2020,https://power.larc.nasa.gov/api/temporal/monthly/regional,accessed 2026-10-03,2026-10-03T11:13:21Z,553995,1c1ed6f7a56a29cb8493c798f26d5c3ccc891b344b9f11d048d4f93608e81aed
power/json/JOR.json,NASA POWER monthly regional T2M/PRECTOTCORR 1984-2020,https://power.larc.nasa.gov/api/temporal/monthly/regional,accessed 2026-10-03,2026-10-03T11:13:21Z,749730,ccc0c88de1b1aec655c8dfac29fc42c6177817cea88522062808fdbd0a8259e3
power/json/JPN.json,NASA POWER monthly regional T2M/PRECTOTCORR 1984-2020,https://power.larc.nasa.gov/api/temporal/monthly/regional,accessed 2026-10-03,2026-10-03T11:13:21Z,23722855,0d8aface809d8208e31765cac7774cfbd086294eb05093b86f9454975289c2e9
power/json/KAZ.json,NASA POWER monthly regional T2M/PRECTOTCORR 1984-2020,https://power.larc.nasa.gov/api/temporal/monthly/regional,accessed 2026-10-03,2026-10-03T11:13:21Z,32246654,1157726c1300dd3d4ec4574addfda144610827d2e78f16b38ddd773dfd7c91fa
power/json/KEN.json,NASA POWER monthly regional T2M/PRECTOTCORR 1984-2020,https://power.larc.nasa.gov/api/temporal/monthly/regional,accessed 2026-10-03,2026-10-03T11:13:21Z,4319203,49c6a718f1796dee35e17c609515ceb773a603995a3b250e51e67728726eefde
power/json/KGZ.json,NASA POWER monthly regional T2M/PRECTOTCORR 1984-2020,https://power.larc.nasa.gov/api/temporal/monthly/regional,accessed 2026-10-03,2026-10-03T11:13:21Z,2260935,a81297f6ddfc6119d5f11335dccaa19bdbde976dcab778ec40d1d1680fedbf45
power/json/KHM.json,NASA POWER monthly regional T2M/PRECTOTCORR 1984-2020,https://power.larc.nasa.gov/api/temporal/monthly/regional,accessed 2026-10-03,2026-10-03T11:13:21Z,1586111,9294a80ac8c7118a287402ee569440dd90792035407fdbd09f5592d9d510d5c2
power/json/KNA.json,NASA POWER monthly regional T2M/PRECTOTCORR 1984-2020,https://power.larc.nasa.gov/api/temporal/monthly/regional,accessed 2026-10-03,2026-10-03T11:13:21Z,553740,f11383cb8b1b0ff998337a6812c8725b89dfe48649054f9d57c2b85aea830b8a
power/json/KOR.json,NASA POWER monthly regional T2M/PRECTOTCORR 1984-2020,https://power.larc.nasa.gov/api/temporal/monthly/regional,accessed 2026-10-03,2026-10-03T11:13:21Z,1320399,723b463d75208029487dee7b8289ff78f7ee16b61113330855b36f0f70cc4049
power/json/KWT.json,NASA POWER monthly regional T2M/PRECTOTCORR 1984-2020,https://power.larc.nasa.gov/api/temporal/monthly/regional,accessed 2026-10-03,2026-10-03T11:13:21Z,546889,4429ef5ccf189b90ba0668a38f086c156c24a816356ef431027e628a60af4505
power/json/LAO.json,NASA POWER monthly regional T2M/PRECTOTCORR 1984-2020,https://power.larc.nasa.gov/api/temporal/monthly/regional,accessed 2026-10-03,2026-10-03T11:13:21Z,4213586,608ee9810dd574f3197022fa02480982396172ebc46171154d319ba4295780b2
power/json/LBN.json,NASA POWER monthly regional T2M/PRECTOTCORR 1984-2020,https://power.larc.nasa.gov/api/temporal/monthly/regional,accessed 2026-10-03,2026-10-03T11:13:21Z,282942,270d096cecda6f187c57f91d68cb63164cd654ee3a587f93f94fac4c6a6c6e85
power/json/LBR.json,NASA POWER monthly regional T2M/PRECTOTCORR 1984-2020,https://power.larc.nasa.gov/api/temporal/monthly/regional,accessed 2026-10-03,2026-10-03T11:13:21Z,1222316,d14d77c90b71a0647d8cf580553d0a4a60e6c95f79989e96a8fff01e51fc4af4
power/json/LBY.json,NASA POWER monthly regional T2M/PRECTOTCORR 1984-2020,https://power.larc.nasa.gov/api/temporal/monthly/regional,accessed 2026-10-03,2026-10-03T11:13:21Z,7827702,f9fba43b15435d2abb439850cc34cf3542d4c88b1d0849625d3f97da20ddabe5
power/json/LCA.json,NASA POWER monthly regional T2M/PRECTOTCORR 1984-2020,https://power.larc.nasa.gov/api/temporal/monthly/regional,accessed 2026-10-03,2026-10-03T11:13:21Z,553822,3738ad75921e5cf0d6fd38f75f74b7a574ac264463406f8ac9af62c7931ad9b3
power/json/LKA.json,NASA POWER monthly regional T2M/PRECTOTCORR 1984-2020,https://power.larc.nasa.gov/api/temporal/monthly/regional,accessed 2026-10-03,2026-10-03T11:13:21Z,792446,afbd883f214caa028ac1fbb9e4c70768bc105ca708ad40167ba0fbdaf8ccb8a3
power/json/LSO.json,NASA POWER monthly regional T2M/PRECTOTCORR 1984-2020,https://power.larc.nasa.gov/api/temporal/monthly/regional,accessed 2026-10-03,2026-10-03T11:13:21Z,565898,0ac6118e760baaa29af0b3403b655fc6a94a3a30d66acedf98168ac4c21c2c7b
power/json/LTU.json,NASA POWER monthly regional T2M/PRECTOTCORR 1984-2020,https://power.larc.nasa.gov/api/temporal/monthly/regional,accessed 2026-10-03,2026-10-03T11:13:21Z,1205356,95a8512f561937c2995750368e7fb6b02930f7fdb2cceba09c69bbe1bfb659b0
power/json/LUX.json,NASA POWER monthly regional T2M/PRECTOTCORR 1984-2020,https://power.larc.nasa.gov/api/temporal/monthly/regional,accessed 2026-10-03,2026-10-03T11:13:21Z,545388,65da10f05f981de068a69f87d8b3c7aa16bd29c61ff2f09c9eefd84a6dbe388e
power/json/LVA.json,NASA POWER monthly regional T2M/PRECTOTCORR 1984-2020,https://power.larc.nasa.gov/api/temporal/monthly/regional,accessed 2026-10-03,2026-10-03T11:13:21Z,1423965,d1fb52f108f5e3bf50bd246064c7a1fe592cf36bc869c0ba1cbe5b9e07143346
power/json/MAR.json,NASA POWER monthly regional T2M/PRECTOTCORR 1984-2020,https://power.larc.nasa.gov/api/temporal/monthly/regional,accessed 2026-10-03,2026-10-03T11:13:21Z,4552530,36bbb230906b94a14814eec58d1e3b72c85aa8cce7a2a407ee62f3a4f63c3a87
power/json/MDA.json,NASA POWER monthly regional T2M/PRECTOTCORR 1984-2020,https://power.larc.nasa.gov/api/temporal/monthly/regional,accessed 2026-10-03,2026-10-03T11:13:21Z,877367,aa31ebe82de7def7189b39efa433d1a44b3e4d1faa7dcad4a47d15b638820d42
power/json/MDG.json,NASA POWER monthly regional T2M/PRECTOTCORR 1984-2020,https://power.larc.nasa.gov/api/temporal/monthly/regional,accessed 2026-10-03,2026-10-03T11:13:21Z,6437938,321f0cd99af3f52a6c7ca1187d5a67ac52f292bb3b0c0b77a18f449b5160788a
power/json/MEX.json,NASA POWER monthly regional T2M/PRECTOTCORR 1984-2020,https://power.larc.nasa.gov/api/temporal/monthly/regional,accessed 2026-10-03,2026-10-03T11:13:21Z,28649582,d9c83676e9d74ae7c5311f332e85d961e8b9dce66b00896daa327e6548628b35
power/json/MKD.json,NASA POWER monthly regional T2M/PRECTOTCORR 1984-2020,https://power.larc.nasa.gov/api/temporal/monthly/regional,accessed 2026-10-03,2026-10-03T11:13:21Z,469233,13730cf07fd2dd377beb46036deda05589c05c26a45cfafc107c8a27d20a0fa6
power/json/MLI.json,NASA POWER monthly regional T2M/PRECTOTCORR 1984-2020,https://power.larc.nasa.gov/api/temporal/monthly/regional,accessed 2026-10-03,2026-10-03T11:13:21Z,8909067,b3ee4a2e0139a5648ad6c99494b9f63435cf9401fb1869bb51df34ce164f01bb
power/json/MLT.json,NASA POWER monthly regional T2M/PRECTOTCORR 1984-2020,https://power.larc.nasa.gov/api/temporal/monthly/regional,accessed 2026-10-03,2026-10-03T11:13:21Z,552754,8df85f4a98a4ba702576b4aab45121f5cae3bdf85fa82cadbabeffa79805301b
power/json/MMR.json,NASA POWER monthly regional T2M/PRECTOTCORR 1984-2020,https://power.larc.nasa.gov/api/temporal/monthly/regional,accessed 2026-10-03,2026-10-03T11:13:21Z,9623021,92327564bf158337c489bd49b112e4271345b6e09e7178fa673c86f2e0824316
power/json/MNG.json,NASA POWER monthly regional T2M/PRECTOTCORR 1984-2020,https://power.larc.nasa.gov/api/temporal/monthly/regional,accessed 2026-10-03,2026-10-03T11:13:21Z,7449768,9c88bd6fe0586bd8b4d6942d36e483d17b29c0b143033a260d17da60e3cea038
power/json/MOZ.json,NASA POWER monthly regional T2M/PRECTOTCORR 1984-2020,https://power.larc.nasa.gov/api/temporal/monthly/regional,accessed 2026-10-03,2026-10-03T11:13:21Z,9689181,69825d29da79913bdd0d3235bb8e9e77019f4d19f8bc963a36dfb484ba639f4f
power/json/MRT.json,NASA POWER monthly regional T2M/PRECTOTCORR 1984-2020,https://power.larc.nasa.gov/api/temporal/monthly/regional,accessed 2026-10-03,2026-10-03T11:13:21Z,3950667,15026393081a66a619511a619df37cc311cb0412235a4e85dfdfa96627e8d2aa
power/json/MTQ.json,NASA POWER monthly regional T2M/PRECTOTCORR 1984-2020,https://power.larc.nasa.gov/api/temporal/monthly/regional,accessed 2026-10-03,2026-10-03T11:13:21Z,553871,04fadd94269210a3993861bb14e1feeff10f9fb26da09b44857827148d8c56db
power/json/MUS.json,NASA POWER monthly regional T2M/PRECTOTCORR 1984-2020,https://power.larc.nasa.gov/api/temporal/monthly/regional,accessed 2026-10-03,2026-10-03T11:13:21Z,553907,802a3f524812e099518f980e9ac252065b06dea7ac003114b97568a00933c2a5
power/json/MWI.json,NASA POWER monthly regional T2M/PRECTOTCORR 1984-2020,https://power.larc.nasa.gov/api/temporal/monthly/regional,accessed 2026-10-03,2026-10-03T11:13:21Z,1885497,775c4388f810a202ef1aa9756c2f7cca1d62dc0ce6bf64778fb689bef7592a18
power/json/MYS.json,NASA POWER monthly regional T2M/PRECTOTCORR 1984-2020,https://power.larc.nasa.gov/api/temporal/monthly/regional,accessed 2026-10-03,2026-10-03T11:13:21Z,7858514,7250f8cd514bd2e84f78a11ed0eb21fce9e38161b0ed324785e636eb65e28e86
power/json/NAM.json,NASA POWER monthly regional T2M/PRECTOTCORR 1984-2020,https://power.larc.nasa.gov/api/temporal/monthly/regional,accessed 2026-10-03,2026-10-03T11:13:21Z,4842363,df5108910eb38e949089a1a13ef99fcac3d76e85a7021d465ab8aaf112457eb9
power/json/NER.json,NASA POWER monthly regional T2M/PRECTOTCORR 1984-2020,https://power.larc.nasa.gov/api/temporal/monthly/regional,accessed 2026-10-03,2026-10-03T11:13:21Z,5851362,5d70463152535fd6d2da3e789fd2110facbd6c3dd726589c7d04838792f62235
power/json/NGA.json,NASA POWER monthly regional T2M/PRECTOTCORR 1984-2020,https://power.larc.nasa.gov/api/temporal/monthly/regional,accessed 2026-10-03,2026-10-03T11:13:21Z,6625979,4a8081b476ea2a7a751eb951c84270cca398daf5b67dfe5d4571c2b184e34b72
power/json/NIC.json,NASA POWER monthly regional T2M/PRECTOTCORR 1984-2020,https://power.larc.nasa.gov/api/temporal/monthly/regional,accessed 2026-10-03,2026-10-03T11:13:21Z,1268084,a1dfa076b62491f95e6802810aeee409eacd5fa42bb0040f769e7a893663e7f8
power/json/NLD.json,NASA POWER monthly regional T2M/PRECTOTCORR 1984-2020,https://power.larc.nasa.gov/api/temporal/monthly/regional,accessed 2026-10-03,2026-10-03T11:13:21Z,873039,07bd16b5060268137f16b159f374af9ccb6188ac7086aad1c7348c6be8fc3283
power/json/NOR.json,NASA POWER monthly regional T2M/PRECTOTCORR 1984-2020,https://power.larc.nasa.gov/api/temporal/monthly/regional,accessed 2026-10-03,2026-10-03T11:13:21Z,2842680,ceacf48de52c3f10bdcdb9468b9903abfa57e69fa3d4a96a6f154336e8e67bea
power/json/NPL.json,NASA POWER monthly regional T2M/PRECTOTCORR 1984-2020,https://power.larc.nasa.gov/api/temporal/monthly/regional,accessed 2026-10-03,2026-10-03T11:13:21Z,2360716,65f4034f73b3414ff8045a51bb7d9fa6ef8fa5d4e16426a2e67f5c232f69bb22
power/json/NZL.json,NASA POWER monthly regional T2M/PRECTOTCORR 1984-2020,https://power.larc.nasa.gov/api/temporal/monthly/regional,accessed 2026-10-03,2026-10-03T11:13:21Z,7477356,d473dd336cf42fba906fba7301faa06414a4beac16b3581ed785a17c7a7359c1
power/json/OMN.json,NASA POWER monthly regional T2M/PRECTOTCORR 1984-2020,https://power.larc.nasa.gov/api/temporal/monthly/regional,accessed 2026-10-03,2026-10-03T11:13:21Z,3772764,005b0133b090136431be48b1d1ea6e4351e3a546c84c2d5ee0c5bd6a2993a382
power/json/PAK.json,NASA POWER monthly regional T2M/PRECTOTCORR 1984-2020,https://power.larc.nasa.gov/api/temporal/monthly/regional,accessed 2026-10-03,2026-10-03T11:13:21Z,10109145,c74650ed4be7ce70294a6377aa2465c6b9aad9a3cadc1b107b7823666ebfdbf4
power/json/PAN.json,NASA POWER monthly regional T2M/PRECTOTCORR 1984-2020,https://power.larc.nasa.gov/api/temporal/monthly/regional,accessed 2026-10-03,2026-10-03T11:13:21Z,1226745,72c11ea3e5867e8b4f3a39d9800ca96b8ec066ef93d02ed274c1f35f8f7fcc7d
power/json/PER.json,NASA POWER monthly regional T2M/PRECTOTCORR 1984-2020,https://power.larc.nasa.gov/api/temporal/monthly/regional,accessed 2026-10-03,2026-10-03T11:13:21Z,13557875,6d86254ea241b1028c14f3685a9bf304948ffa6a850beaea2b694aa1eb87628e
power/json/PHL.json,NASA POWER monthly regional T2M/PRECTOTCORR 1984-2020,https://power.larc.nasa.gov/api/temporal/monthly/regional,accessed 2026-10-03,2026-10-03T11:13:21Z,8370950,15fb029d1ecd8a31ac8500023e642244acc60b211fdb098ea9c637a1d614b07f
power/json/PNG.json,NASA POWER monthly regional T2M/PRECTOTCORR 1984-2020,https://power.larc.nasa.gov/api/temporal/monthly/regional,accessed 2026-10-03,2026-10-03T11:13:21Z,7854623,6f3fc4b3e834c47ff15f184cd97c70fdb8096c8698889af1922ffef4a1f0cf0f
power/json/POL.json,NASA POWER monthly regional T2M/PRECTOTCORR 1984-2020,https://power.larc.nasa.gov/api/temporal/monthly/regional,accessed 2026-10-03,2026-10-03T11:13:21Z,3717944,f70991d93f11fdbd9cf1cdade9665b84b470c81e9cbe1585702e20011b2e8aef
power/json/PRI.json,NASA POWER monthly regional T2M/PRECTOTCORR 1984-2020,https://power.larc.nasa.gov/api/temporal/monthly/regional,accessed 2026-10-03,2026-10-03T11:13:21Z,553771,28d9f8ba04c1d11f19fd5735aad9c646b3c1de66c547befdb2608fed91bacde4
power/json/PRK.json,NASA POWER monthly regional T2M/PRECTOTCORR 1984-2020,https://power.larc.nasa.gov/api/temporal/monthly/regional,accessed 2026-10-03,2026-10-03T11:13:21Z,2265676,34dc5bfad1224dbf7c797f749477af0d3c68a9d6ee39d1afa8091a4e38736bc4
power/json/PRT.json,NASA POWER monthly regional T2M/PRECTOTCORR 1984-2020,https://power.larc.nasa.gov/api/temporal/monthly/regional,accessed 2026-10-03,2026-10-03T11:13:21Z,1319579,032ab59d4892d6f100138b9d49e7d194defead94c34003221d04d116d688165f
power/json/PRY.json,NASA POWER monthly regional T2M/PRECTOTCORR 1984-2020,https://power.larc.nasa.gov/api/temporal/monthly/regional,accessed 2026-10-03,2026-10-03T11:13:21Z,4273370,42f84f36054731d9b8075fea16e69c1a3cc0ff73975461241b9424ac97bdd98c
power/json/PSE.json,NASA POWER monthly regional T2M/PRECTOTCORR 1984-2020,https://power.larc.nasa.gov/api/temporal/monthly/regional,accessed 2026-10-03,2026-10-03T11:13:21Z,548345,b77d5c943718fc96f0b2d37af2307e2e5af1e333fdb6cb3532265bb61bdbd2f8
power/json/QAT.json,NASA POWER monthly regional T2M/PRECTOTCORR 1984-2020,https://power.larc.nasa.gov/api/temporal/monthly/regional,accessed 2026-10-03,2026-10-03T11:13:21Z,546135,dd1c6fc160b965e6fc64f67fb8835a3e5ff5232b5376ae085e387337566085c9
power/json/ROU.json,NASA POWER monthly regional T2M/PRECTOTCORR 1984-2020,https://power.larc.nasa.gov/api/temporal/monthly/regional,accessed 2026-10-03,2026-10-03T11:13:21Z,2929404,d8f8cf52be8917a50693b3412ee50c11a1d1e48ee368bd334d33ec8e0e71cbd7
power/json/RUS.json,NASA POWER monthly regional T2M/PRECTOTCORR 1984-2020,https://power.larc.nasa.gov/api/temporal/monthly/regional,accessed 2026-10-03,2026-10-03T11:13:21Z,214635750,e36c7f5c7aa70fbafd7e53e37e00a4089515d97596a570ab0fc9b4274e7198f8
power/json/RWA.json,NASA POWER monthly regional T2M/PRECTOTCORR 1984-2020,https://power.larc.nasa.gov/api/temporal/monthly/regional,accessed 2026-10-03,2026-10-03T11:13:21Z,554183,85ba8b6c0328da28fb326a38fdd69a0459704fa71b7fecd2fb24138e046debb8
power/json/SAU.json,NASA POWER monthly regional T2M/PRECTOTCORR 1984-2020,https://power.larc.nasa.gov/api/temporal/monthly/regional,accessed 2026-10-03,2026-10-03T11:13:21Z,12992871,834372aee71cd4a75f20c69646506a7b592a8d425078990a1f1de5ab7c56c07c
power/json/SDN.json,NASA POWER monthly regional T2M/PRECTOTCORR 1984-2020,https://power.larc.nasa.gov/api/temporal/monthly/regional,accessed 2026-10-03,2026-10-03T11:13:21Z,17135920,4de9ba8137b0c11e37d94462f697739b6a63e0499da3014462dcae88875fc454
power/json/SEN.json,NASA POWER monthly regional T2M/PRECTOTCORR 1984-2020,https://power.larc.nasa.gov/api/temporal/monthly/regional,accessed 2026-10-03,2026-10-03T11:13:21Z,1885118,c1ec855f62d1710aca77570ef0462f2be419805c9ff34899de9e491b57932549
power/json/SGP.json,NASA POWER monthly regional T2M/PRECTOTCORR 1984-2020,https://power.larc.nasa.gov/api/temporal/monthly/regional,accessed 2026-10-03,2026-10-03T11:13:21Z,555453,75a47491539163ffdab950caca6d2329f6f3ea524f69cdbebab6b348421e575a
power/json/SLE.json,NASA POWER monthly regional T2M/PRECTOTCORR 1984-2020,https://power.larc.nasa.gov/api/temporal/monthly/regional,accessed 2026-10-03,2026-10-03T11:13:21Z,890411,3b60b4090deb04ac2d16f49103e286e88fb497fafc318de8941f67499efcbb73
power/json/SLV.json,NASA POWER monthly regional T2M/PRECTOTCORR 1984-2020,https://power.larc.nasa.gov/api/temporal/monthly/regional,accessed 2026-10-03,2026-10-03T11:13:21Z,475137,6f951ce2fb8e01adb54628cb64a32dc5824c0eb6e282115bf29a5eba0c603564
power/json/SOM.json,NASA POWER monthly regional T2M/PRECTOTCORR 1984-2020,https://power.larc.nasa.gov/api/temporal/monthly/regional,accessed 2026-10-03,2026-10-03T11:13:21Z,7073880,7b625c5fb45795a26a71d99c93f24da4750d24a03566dae199590f5df7eec820
power/json/SRB.json,NASA POWER monthly regional T2M/PRECTOTCORR 1984-2020,https://power.larc.nasa.gov/api/temporal/monthly/regional,accessed 2026-10-03,2026-10-03T11:13:21Z,1409381,b5f3d344d798a4073b0b32b7e7477c032b54693a38d64bd994d390e001259b0d
power/json/STP.json,NASA POWER monthly regional T2M/PRECTOTCORR 1984-2020,https://power.larc.nasa.gov/api/temporal/monthly/regional,accessed 2026-10-03,2026-10-03T11:13:21Z,553588,9c4d44dcf5930f8c5e3be57220d703afb0040920befeff05bfcca816724d60cb
power/json/SUR.json,NASA POWER monthly regional T2M/PRECTOTCORR 1984-2020,https://power.larc.nasa.gov/api/temporal/monthly/regional,accessed 2026-10-03,2026-10-03T11:13:21Z,1428799,9aa6ea7d52050a653c8ccefdcc3562cd52a8b79a8cda2e37046b7a984ec4b183
power/json/SVK.json,NASA POWER monthly regional T2M/PRECTOTCORR 1984-2020,https://power.larc.nasa.gov/api/temporal/monthly/regional,accessed 2026-10-03,2026-10-03T11:13:21Z,860642,5976bebe2060251b1db847da4163bc7673aa0b0f425e16299e044874f7d1ef3c
power/json/SVN.json,NASA POWER monthly regional T2M/PRECTOTCORR 1984-2020,https://power.larc.nasa.gov/api/temporal/monthly/regional,accessed 2026-10-03,2026-10-03T11:13:21Z,469138,428ee2ac683452e7f6bb525aafe6d7b33dead08cc3fb80a8ff7751ae148a7458
power/json/SWE.json,NASA POWER monthly regional T2M/PRECTOTCORR 1984-2020,https://power.larc.nasa.gov/api/temporal/monthly/regional,accessed 2026-10-03,2026-10-03T11:13:21Z,8598803,d96457719c1a1af8c0b20772c142b74d5adcd55f59c158efba5b4ec0fbbdc7f6
power/json/SWZ.json,NASA POWER monthly regional T2M/PRECTOTCORR 1984-2020,https://power.larc.nasa.gov/api/temporal/monthly/regional,accessed 2026-10-03,2026-10-03T11:13:21Z,284626,caae01f8956acbaebf4d1834274a30544682ec2a13ee8f5cd2e3dadcc6c5c550
power/json/SYR.json,NASA POWER monthly regional T2M/PRECTOTCORR 1984-2020,https://power.larc.nasa.gov/api/temporal/monthly/regional,accessed 2026-10-03,2026-10-03T11:13:21Z,2234923,d9c39d5bdc1a78dad6ef24f23a09f5ce3f0e8f099cbc07473da9ed930b56a4d3
power/json/TCD.json,NASA POWER monthly regional T2M/PRECTOTCORR 1984-2020,https://power.larc.nasa.gov/api/temporal/monthly/regional,accessed 2026-10-03,2026-10-03T11:13:21Z,7974376,577f2dc8c936387e318769e570773213663fe7cd9bfe8f4ac20e47f3eee3406a
power/json/TGO.json,NASA POWER monthly regional T2M/PRECTOTCORR 1984-2020,https://power.larc.nasa.gov/api/temporal/monthly/regional,accessed 2026-10-03,2026-10-03T11:13:21Z,1027268,a697f52c5f94631fe8d96cc512e44a93d492bcc6ee704cb10f809f407fad83e9
power/json/THA.json,NASA POWER monthly regional T2M/PRECTOTCORR 1984-2020,https://power.larc.nasa.gov/api/temporal/monthly/regional,accessed 2026-10-03,2026-10-03T11:13:21Z,7611094,0a561ec6c0107d3bbd1c955d482c06c20afc23c4d3bffdbd4b74b60eea4d5cc2
power/json/TJK.json,NASA POWER monthly regional T2M/PRECTOTCORR 1984-2020,https://power.larc.nasa.gov/api/temporal/monthly/regional,accessed 2026-10-03,2026-10-03T11:13:21Z,1253015,77a222d221421619319c9cce90c051d50fa3f4384f18b543e27fa3e3b60e6f7e
power/json/TKM.json,NASA POWER monthly regional T2M/PRECTOTCORR 1984-2020,https://power.larc.nasa.gov/api/temporal/monthly/regional,accessed 2026-10-03,2026-10-03T11:13:21Z,6757040,17d3f4cf74c35e0c8cd7be0943daee431aa5ca5c9e911ec7e19f71f637e3b152
power/json/TTO.json,NASA POWER monthly regional T2M/PRECTOTCORR 1984-2020,https://power.larc.nasa.gov/api/temporal/monthly/regional,accessed 2026-10-03,2026-10-03T11:13:21Z,284900,84523db88d7bc5abf10a34d69958af295bfefbc3de437b26d1d8f66e12168adc
power/json/TUN.json,NASA POWER monthly regional T2M/PRECTOTCORR 1984-2020,https://power.larc.nasa.gov/api/temporal/monthly/regional,accessed 2026-10-03,2026-10-03T11:13:21Z,1639536,105167ce58adcbfa90a97a56a9fb343688ecf27f11675c684ba56762909db482
power/json/TUR.json,NASA POWER monthly regional T2M/PRECTOTCORR 1984-2020,https://power.larc.nasa.gov/api/temporal/monthly/regional,accessed 2026-10-03,2026-10-03T11:13:21Z,7239478,5e711abf2f746a378509e2837cea6562eb581dc16bc1468e45a17cf40e2efb9b
power/json/TWN.json,NASA POWER monthly regional T2M/PRECTOTCORR 1984-2020,https://power.larc.nasa.gov/api/temporal/monthly/regional,accessed 2026-10-03,2026-10-03T11:13:21Z,713741,fc7985617dce0bf0c00b4b8a5257ba8cfc2916f5c18b1281359384f286be2e86
power/json/TZA.json,NASA POWER monthly regional T2M/PRECTOTCORR 1984-2020,https://power.larc.nasa.gov/api/temporal/monthly/regional,accessed 2026-10-03,2026-10-03T11:13:21Z,7215929,a32547ff1284276a330e76b65b8f8b966396f5285f0b2bbf051417e1a1ed23a2
power/json/UGA.json,NASA POWER monthly regional T2M/PRECTOTCORR 1984-2020,https://power.larc.nasa.gov/api/temporal/monthly/regional,accessed 2026-10-03,2026-10-03T11:13:21Z,2215616,afbed8d05a74fb704e9f5e30b89dfba53067c34e500668e67f55596f00987f70
power/json/UKR.json,NASA POWER monthly regional T2M/PRECTOTCORR 1984-2020,https://power.larc.nasa.gov/api/temporal/monthly/regional,accessed 2026-10-03,2026-10-03T11:13:21Z,8462246,ca6a60fb11fac5c93107e49fe5572fbadea85d41be0718670405c4fa4d305d6a
power/json/URY.json,NASA POWER monthly regional T2M/PRECTOTCORR 1984-2020,https://power.larc.nasa.gov/api/temporal/monthly/regional,accessed 2026-10-03,2026-10-03T11:13:21Z,1897530,6499ffee2d1edfa19354926d58058391a5f0cf055cc7942159f88432f078c972
power/json/USA.json,NASA POWER monthly regional T2M/PRECTOTCORR 1984-2020,https://power.larc.nasa.gov/api/temporal/monthly/regional,accessed 2026-10-03,2026-10-03T11:13:21Z,105653166,2d69332d6f992afb379c091d569ed96c7c2d81432e37950d65b9490c01fb1c8f
power/json/UZB.json,NASA POWER monthly regional T2M/PRECTOTCORR 1984-2020,https://power.larc.nasa.gov/api/temporal/monthly/regional,accessed 2026-10-03,2026-10-03T11:13:21Z,6269250,5cce041b6e3a5dbfca2ac7c9f8916ba87975ae1473f62efbce1e225734cdc721
power/json/VCT.json,NASA POWER monthly regional T2M/PRECTOTCORR 1984-2020,https://power.larc.nasa.gov/api/temporal/monthly/regional,accessed 2026-10-03,2026-10-03T11:13:21Z,553841,04c62e61bcac7f928040e3d01eb4f74bf8ec7e83065a8451b60f29981bad08d1
power/json/VEN.json,NASA POWER monthly regional T2M/PRECTOTCORR 1984-2020,https://power.larc.nasa.gov/api/temporal/monthly/regional,accessed 2026-10-03,2026-10-03T11:13:21Z,8029300,f94fcfe70efe54d39d6248a96ffa1b0c1c266d1c602a708398acb1545d50ff1e
power/json/VNM.json,NASA POWER monthly regional T2M/PRECTOTCORR 1984-2020,https://power.larc.nasa.gov/api/temporal/monthly/regional,accessed 2026-10-03,2026-10-03T11:13:21Z,6595283,c36f57d1b9a27b61823ba19eea7e91101780b90304e15c87b285f44db017a8e6
power/json/VUT.json,NASA POWER monthly regional T2M/PRECTOTCORR 1984-2020,https://power.larc.nasa.gov/api/temporal/monthly/regional,accessed 2026-10-03,2026-10-03T11:13:21Z,1554338,62835e88666cb30494604e28a767cf3ab5822d92eaead0610f9e48eed72a3648
power/json/YEM.json,NASA POWER monthly regional T2M/PRECTOTCORR 1984-2020,https://power.larc.nasa.gov/api/temporal/monthly/regional,accessed 2026-10-03,2026-10-03T11:13:21Z,2930881,201859d2dbb622a029f5e8742c21e931f0205e6f867fe11c5e8b210e414863ba
power/json/ZAF.json,NASA POWER monthly regional T2M/PRECTOTCORR 1984-2020,https://power.larc.nasa.gov/api/temporal/monthly/regional,accessed 2026-10-03,2026-10-03T11:13:21Z,11486320,41c94aef3797ec6b6382ca0c1277171344292b235e602f5e141f7f588152dbc1
power/json/ZMB.json,NASA POWER monthly regional T2M/PRECTOTCORR 1984-2020,https://power.larc.nasa.gov/api/temporal/monthly/regional,accessed 2026-10-03,2026-10-03T11:13:21Z,6961168,a48909480fa789b1a914677974f49ca6bef07e9c3279ad85510fe42570294baf
power/json/ZWE.json,NASA POWER monthly regional T2M/PRECTOTCORR 1984-2020,https://power.larc.nasa.gov/api/temporal/monthly/regional,accessed 2026-10-03,2026-10-03T11:13:21Z,3756411,248bbbdf452f8f4bba864553fa535cc563c48842b5a84c7c8e665b86acff9d4b
spei/spei01.nc,SPEIbase 2.11,https://spei.csic.es/spei_database_2_11/,2.11,2026-10-03T11:13:21Z,382492827,960ac5e8eef68c37a5db91cbe987aa2d49d98e4b711afc0bbce81c19d0392014
spei/spei12.nc,SPEIbase 2.11,https://spei.csic.es/spei_database_2_11/,2.11,2026-10-03T11:13:21Z,380954035,0a1709e6df50e6e6aa80709affc08d10f6a6765dde1c0a0ffe72d71a4c34cfe1
mirca/unit_code_grid/unit_code.asc,extracted MIRCA2000 5-arcmin calendar-unit grid (from unit_code_grid.zip),derived: unit_code_grid.zip,MIRCA2000 v1.1,2026-10-03T11:30:00Z,64400668,35707f56de69f614beaa8b5417ff2b95a6d738601abf8726199274f4cede081e
