path,size_bytes,sha256
00_EXECUTIVE_GATE.md,2162,3ff2b84a2db4c25c818948fc21769a50219eee9c8b6b3fcfc3f8808359d2abdc
01_GEOGRAPHIC_SCALE_FINAL.md,1158,c2cf1aa5b5803436e3f2c70616af35427d0cfa92a50e04fd24e9fe0af428f3bf
02_FINAL_SAMPLE_REPORT.md,1015,723c9a1c40db98c98d182a82ed109f3d1b141e0210e5aba75a7e811a318e43b2
03_BOUNDED_DGP_PROTOCOL.md,1420,0e57884015916ed912a188dcde96c17d5fc0309e660aa015e52f1635f839358c
04_INFORMATION_ASSESSMENT.md,1544,f912c2059d73039428b674991fff87c9a95a6d662ff1905228ceee3dea693485
05_SPATIAL_INFERENCE_VALIDATION.md,940,de1d5b8add0a642bbee68df5d8bcf20e1e0fae78b3fd9154b2217bcd295d7361
06_BLINDNESS_RECHECK.md,829,207536d26f6f139247d3b44c2ef2fd72bc3e73514feb62c176c10382860834dc
07_DESIGN_READY_CHECKLIST.md,1111,9dae2b5c2b0dc3b73fc005ddcb1e787f011d9bb98acb96e78ac9eab09c72f1fb
08_FINAL_LOCK_REPORT.md,1029,c8e24dd0b2fdceedda9091f754b29031fa7f2a89bf90c955ce6f72f95cf6693e
FINAL_HANDOFF.md,805,c61309a4c5f08373741076267f7984292645b8935de229dab534639abbf39083
REPRODUCIBILITY_README.md,700,5f9c9863d9d030cb43765cfcb705585725e7edba93077c1d01d687264a3719ef
SUBNATIONAL_PRIMARY_ANALYSIS_LOCK_V4.sha256,108,d3bc3aac62900d57a71c67d8f996653d089dd6db568839123315def389f46386
SUBNATIONAL_PRIMARY_ANALYSIS_LOCK_V4.yaml,2623,18e61718474725eef9b103015612d6232992db11763b35fbcea4f3739d6b37fe
analysis/01_EUROPE_ADMIN_EQUIVALENCE.csv,803,9e78f68903c07f7b35ad0c122c81f262c424dacc931d1f2414ef6e021963db85
analysis/PRIMARY_SUBNATIONAL_SAMPLE_LOCKED_V4.csv,137580,3894266fab949ca58f74ade901660f1b61d0b5d61dbabe00e3e7983606069b03
analysis/PRIMARY_SUBNATIONAL_SAMPLE_LOCKED_V4.sha256,107,038478cfab25a08440796cf7c30d7962ef47f816007999d865ad6476914c6a9c
analysis/admin_spatial_blocks_v4.csv,28815,d99e6ed1649ec51aab5cad5e6a2a9fa17030131c731e5bd92011b90d3a5008dd
analysis/admin_spatial_blocks_v4_describe.csv,171,929b12f98b419678cb533720f31ac60f7e02bb071e5ecd99fef7e95dc69ce8fd
analysis/information_simulation_v4.csv,1151,77ce17c32b56260b97222975d1085fe36a1638e6aaaa7ab1b37f660dd302b047
analysis/jsd_marginal_summary_v4.csv,175,10618290a8bd1bb04fe925a6faa8ba4a1cd898cfc377d0c7d5f9f1ae7193497e
analysis/spatial_inference_simulation_v4.csv,1278,22fbeb96c61585c2b06f6d5f3db11e476ff17ebb32c611a9890e38fea7a0794e
scripts/52_final_sample_v4.py,2675,223d8e75571ad72b18f21423d0776debaad7955f2fd329996fa930e3f2f8b7fe
scripts/information_simulation_v4.py,7522,4609a815bfd33e0208afd993d9e6a2c06d0c117864817d4a0b9a1852150463c2
scripts/package_validation_v4.py,2335,37b24f6db1e6e4196cd5ebb2801047b5a6e84cff8e6aaa8abbe6d1ad77f312c1
scripts/spatial_inference_v4.py,8184,6e8f1d6644ebd105146d0c5d4d257257c74fcfb55bb9642da180c8708473bae1
