path,bytes,sha256_16
00_EXECUTIVE_GATE.md,1884,ef461d9c30eba11d
01_ADMIN_COVERAGE_REPORT.md,1352,8e15367ae56b418b
01_ADMIN_DATA_SOURCE_AUDIT.csv,2578,cc737c4540df616c
02_BOUNDARY_HARMONIZATION_PROTOCOL.md,1334,070fd32ea007f75a
03_METHOD_CHANGE_REPORT.md,737,a340b172f40b85e9
03_TEMPORAL_COMPARABILITY_AUDIT.csv,623,fac933730d9b46b4
04_CROP_CROSSWALK.csv,45048,d3a2678ccb5ecfde
04_CROP_TAXONOMY_PROTOCOL.md,1006,157061971b70fc38
05_TEMPORAL_DESIGN_DECISION.md,527,f2fd1f4dad796ccc
06_OUTCOME_PROTOCOL.md,802,d029c2d36581172a
07_AGGREGATION_ESCAPE_DECOMPOSITION.md,1323,7b716fa6caadacfa
08_IRRIGATION_EXPOSURE_PROTOCOL.md,808,a0f6a31cb1e1db51
09_PERENNIAL_CAPITAL_PROTOCOL.md,751,4fe67452c63639b8
10_MISMATCH_PROTOCOL.md,840,89facf21f429dda0
11_HYPOTHESIS_HIERARCHY.md,508,cd28c402df4ac0f9
12_CAUSAL_GRAPH.md,826,bcde8c9a98fa7d91
12_COVARIATE_PROTOCOL.csv,426,b732a3b7d9604578
13_IDENTIFICATION_DESIGN.md,621,f9834c05942ee77b
14_SPATIAL_INFERENCE_VALIDATION.md,681,baeca2ff98b6bffa
15_REPRESENTATIVENESS_AUDIT.md,756,bbf8fa01728dbe49
16_FALSIFICATION_PROTOCOL.md,808,7d0f9fb8ae8d6b25
17_MULTIVERSE_LOCK.csv,891,9ebbb84bb1dfdb72
18_INFORMATION_ASSESSMENT.md,851,a09338117ed395be
19_DESIGN_READY_CHECKLIST.md,42,6f51d54db520c6ba
ADMIN_BOUNDARY_CROSSWALK.csv,142639,2da6be47364725f2
DATA_SOURCE_LEDGER.csv,1533,b713f074bc0144af
FINAL_HANDOFF.md,578,0f83e80ac3910dd4
REFERENCES.bib,1191,1cba60081a0b20dc
REPRODUCIBILITY_README.md,1005,3cc788277ebe8c3c
SUBNATIONAL_PRIMARY_ANALYSIS_LOCK.sha256,105,fc49d91eca8636c4
SUBNATIONAL_PRIMARY_ANALYSIS_LOCK.yaml,1618,6de301f999a44ee5
analysis/admin_crop_observation_matrix.parquet,2166234,e1d427316f876a83
analysis/admin_unit_coverage.csv,105745,ccf9ab28f1c9cba8
analysis/boundary_change_audit.csv,261,b354710d6da2bc59
analysis/decomposition_method_validation.csv,78485,2267a4e345185e6c
analysis/design_matrix.csv,83625,b22eebda2df51f04
analysis/design_matrix_climate.csv,154428,174ff014f9b870ae
analysis/design_matrix_irr.csv,109941,2cd540904bb83fc0
analysis/information_simulation.csv,329,ec8f31a0eb851d55
analysis/irrigation_source_comparison.csv,198,7b90f28d3818f92b
analysis/spatial_inference_simulation.csv,126,8c94fed540f3f5b3
analysis/within_country_information.csv,2470,f41d82e604b0c298
scripts/40_admin_coverage.py,9591,5257a65fe4b228c2
scripts/41_crop_taxonomy.py,10391,947a02fb5b32019e
scripts/42_boundary_harmonization.py,5163,bb459b1f5780e7f0
scripts/43_design_matrix.py,4258,9739d7edb9afecdb
scripts/44_irrigation_zonal.py,6300,fffeef1397141eaa
scripts/45_mismatch.py,9296,88dbd3c699044565
scripts/46_simulations.py,8313,643f880a4b717c92
