path,size,sha256
00_EXECUTIVE_GATE.md,3193,2e311d5b51660d11
01_BASELINE_IRRIGATION_SOURCE_AUDIT.md,2474,e41ef824b74ce985
02_PRIMARY_IRRIGATION_DECISION.md,1278,84265b4cd14c7c3c
03_SPATIAL_BLOCK_DEFINITION.md,1403,a3c45fabe17971a6
04_SPATIAL_INFERENCE_REPAIR.md,1495,3045505e28996b4e
05_INFORMATION_SIMULATION_REPAIR.md,1669,4a0ad9c7f018fd3c
06_PRIMARY_MODEL_RECONCILIATION.md,1507,ec8835f27633552e
07_TEMPORAL_ALIGNMENT_NOTE.md,831,35b29144b3096d38
08_CALENDAR_PROXY_VALIDATION.md,1195,2606d7a4ed70cfbd
09_H4_DECOMPOSITION_FINAL.md,1043,c32064009bc6dada
10_DESIGN_READY_CHECKLIST.md,1654,72e4c783d2ec2d94
11_FINAL_LOCK_REPORT.md,1586,494f6464f7af8ec2
12_COVARIATE_PROTOCOL_v2.csv,539,da54c40eb04018c3
DATA_SOURCE_LEDGER_v2.csv,1770,3d783aef49f264cf
FINAL_HANDOFF.md,754,be2e46f8e7f79224
REFERENCES.bib,1191,1cba60081a0b20dc
REPRODUCIBILITY_README.md,1622,d44b52ffdaed0cf7
SUBNATIONAL_PRIMARY_ANALYSIS_LOCK_v2.sha256,108,117a267c30169c3d
SUBNATIONAL_PRIMARY_ANALYSIS_LOCK_v2.yaml,2916,3d1b5bd389d21968
analysis/admin_spatial_blocks.csv,28229,1c00a9c09105632f
analysis/admin_spatial_blocks_describe.csv,199,cc8ddd5211f22c7c
analysis/admin_temporal_alignment_audit.csv,27475,7725a9d76aea7721
analysis/baseline_irrigation_source_comparison.csv,454,f25a7dda89c612bf
analysis/calendar_proxy_validation.csv,2139,c46c5f4d349d3209
analysis/final_primary_design_matrix_preoutcome.csv,175849,f37df235d305d4cf
analysis/information_simulation_v2.csv,580,649136a84369a6f2
analysis/spatial_inference_simulation_v2.csv,1577,945f6ff56e8a36e5
scripts/40_admin_coverage.py,9591,5257a65fe4b228c2
scripts/41_crop_taxonomy.py,10391,947a02fb5b32019e
scripts/42_boundary_harmonization.py,5163,bb459b1f5780e7f0
scripts/43_design_matrix.py,4258,9739d7edb9afecdb
scripts/44_irrigation_zonal.py,6300,fffeef1397141eaa
scripts/45_mismatch.py,9296,88dbd3c699044565
scripts/46_simulations.py,8313,643f880a4b717c92
scripts/47_repair.py,14546,035a7f5529dc63e9
scripts/48_spatial_blocks.py,12748,ceed816cd29b5e13
scripts/48b_sims.py,6592,c66b603243a7b472
scripts/information_simulation_v2.py,6592,c66b603243a7b472
