unit_id,country,y0,y1,gap,climate_base_window,climate_end_window,aligned
BA,BA,2002,2019,17,2001-2003,2018-2020,True
BE,BE,2002,2019,17,2001-2003,2018-2020,True
BG,BG,2002,2019,17,2001-2003,2018-2020,True
CH,CH,2005,2019,14,2004-2006,2018-2020,True
CH0,CH,2005,2019,14,2004-2006,2018-2020,True
CH01,CH,2005,2019,14,2004-2006,2018-2020,True
CH02,CH,2005,2019,14,2004-2006,2018-2020,True
CH03,CH,2005,2019,14,2004-2006,2018-2020,True
CH04,CH,2005,2019,14,2004-2006,2018-2020,True
CH05,CH,2005,2019,14,2004-2006,2018-2020,True
CH06,CH,2005,2019,14,2004-2006,2018-2020,True
CH07,CH,2005,2019,14,2004-2006,2018-2020,True
CY,CY,2002,2019,17,2001-2003,2018-2020,True
CY0,CY,2002,2019,17,2001-2003,2018-2020,True
CY00,CY,2002,2019,17,2001-2003,2018-2020,True
CZ,CZ,2002,2019,17,2001-2003,2018-2020,True
DE,DE,2002,2019,17,2001-2003,2018-2020,True
EE,EE,2002,2019,17,2001-2003,2018-2020,True
EE0,EE,2002,2021,19,2001-2003,2020-2022,True
EE00,EE,2002,2021,19,2001-2003,2020-2022,True
EL,EL,2002,2019,17,2001-2003,2018-2020,True
EL1,EL,2002,2014,12,2001-2003,2013-2015,True
EL11,EL,2002,2014,12,2001-2003,2013-2015,True
EL12,EL,2002,2014,12,2001-2003,2013-2015,True
EL13,EL,2002,2014,12,2001-2003,2013-2015,True
EL14,EL,2002,2014,12,2001-2003,2013-2015,True
EL2,EL,2002,2014,12,2001-2003,2013-2015,True
EL21,EL,2002,2014,12,2001-2003,2013-2015,True
EL22,EL,2002,2014,12,2001-2003,2013-2015,True
EL23,EL,2002,2014,12,2001-2003,2013-2015,True
EL24,EL,2002,2014,12,2001-2003,2013-2015,True
EL25,EL,2002,2014,12,2001-2003,2013-2015,True
EL3,EL,2002,2019,17,2001-2003,2018-2020,True
EL30,EL,2002,2019,17,2001-2003,2018-2020,True
EL4,EL,2002,2019,17,2001-2003,2018-2020,True
EL41,EL,2002,2019,17,2001-2003,2018-2020,True
EL41_42,EL,2002,2014,12,2001-2003,2013-2015,True
EL42,EL,2002,2019,17,2001-2003,2018-2020,True
EL43,EL,2002,2019,17,2001-2003,2018-2020,True
EL5,EL,2002,2019,17,2001-2003,2018-2020,True
EL51,EL,2002,2019,17,2001-2003,2018-2020,True
EL52,EL,2002,2019,17,2001-2003,2018-2020,True
EL53,EL,2002,2019,17,2001-2003,2018-2020,True
EL54,EL,2002,2019,17,2001-2003,2018-2020,True
EL6,EL,2002,2019,17,2001-2003,2018-2020,True
EL61,EL,2002,2019,17,2001-2003,2018-2020,True
EL62,EL,2002,2019,17,2001-2003,2018-2020,True
EL63,EL,2002,2019,17,2001-2003,2018-2020,True
EL64,EL,2002,2019,17,2001-2003,2018-2020,True
EL65,EL,2002,2019,17,2001-2003,2018-2020,True
FR,FR,2002,2019,17,2001-2003,2018-2020,True
HR,HR,2002,2019,17,2001-2003,2018-2020,True
HR0,HR,2002,2019,17,2001-2003,2018-2020,True
HR02,HR,2005,2019,14,2004-2006,2018-2020,True
HR03,HR,2005,2019,14,2004-2006,2018-2020,True
IE,IE,2002,2019,17,2001-2003,2018-2020,True
IE0,IE,2002,2019,17,2001-2003,2018-2020,True
IE01,IE,2002,2016,14,2001-2003,2015-2017,True
IE02,IE,2002,2016,14,2001-2003,2015-2017,True
IT,IT,2002,2019,17,2001-2003,2018-2020,True
LT,LT,2002,2019,17,2001-2003,2018-2020,True
LT0,LT,2002,2019,17,2001-2003,2018-2020,True
LU,LU,2002,2019,17,2001-2003,2018-2020,True
LU0,LU,2002,2019,17,2001-2003,2018-2020,True
LU00,LU,2002,2019,17,2001-2003,2018-2020,True
ME,ME,2007,2019,12,2006-2008,2018-2020,True
ME00,ME,2007,2021,14,2006-2008,2020-2022,True
MT,MT,2002,2019,17,2001-2003,2018-2020,True
MT0,MT,2002,2019,17,2001-2003,2018-2020,True
MT00,MT,2002,2019,17,2001-2003,2018-2020,True
NL,NL,2002,2019,17,2001-2003,2018-2020,True
PL,PL,2002,2019,17,2001-2003,2018-2020,True
PT,PT,2002,2019,17,2001-2003,2018-2020,True
PT1,PT,2002,2019,17,2001-2003,2018-2020,True
PT11,PT,2002,2019,17,2001-2003,2018-2020,True
PT15,PT,2002,2019,17,2001-2003,2018-2020,True
PT16,PT,2002,2019,17,2001-2003,2018-2020,True
PT17,PT,2002,2019,17,2001-2003,2018-2020,True
PT18,PT,2002,2019,17,2001-2003,2018-2020,True
PT2,PT,2002,2019,17,2001-2003,2018-2020,True
PT20,PT,2002,2019,17,2001-2003,2018-2020,True
PT3,PT,2002,2019,17,2001-2003,2018-2020,True
PT30,PT,2002,2019,17,2001-2003,2018-2020,True
RO,RO,2002,2019,17,2001-2003,2018-2020,True
RS,RS,2007,2019,12,2006-2008,2018-2020,True
SE,SE,2002,2019,17,2001-2003,2018-2020,True
SI,SI,2002,2019,17,2001-2003,2018-2020,True
SI0,SI,2002,2019,17,2001-2003,2018-2020,True
SI03,SI,2007,2019,12,2006-2008,2018-2020,True
SI04,SI,2007,2019,12,2006-2008,2018-2020,True
XK,XK,2007,2019,12,2006-2008,2018-2020,True
GADM:BFA.10_1,Burkina Faso,2002,2018,16,2001-2003,2017-2019,True
GADM:BFA.11_1,Burkina Faso,2002,2018,16,2001-2003,2017-2019,True
GADM:BFA.12_1,Burkina Faso,2002,2018,16,2001-2003,2017-2019,True
GADM:BFA.13_1,Burkina Faso,2002,2018,16,2001-2003,2017-2019,True
GADM:BFA.1_1,Burkina Faso,2002,2018,16,2001-2003,2017-2019,True
GADM:BFA.2_1,Burkina Faso,2002,2018,16,2001-2003,2017-2019,True
GADM:BFA.3_1,Burkina Faso,2002,2018,16,2001-2003,2017-2019,True
GADM:BFA.4_1,Burkina Faso,2002,2018,16,2001-2003,2017-2019,True
GADM:BFA.5_1,Burkina Faso,2002,2018,16,2001-2003,2017-2019,True
GADM:BFA.6_1,Burkina Faso,2002,2018,16,2001-2003,2017-2019,True
GADM:BFA.7_1,Burkina Faso,2002,2018,16,2001-2003,2017-2019,True
GADM:BFA.8_1,Burkina Faso,2002,2018,16,2001-2003,2017-2019,True
GADM:BFA.9_1,Burkina Faso,2002,2018,16,2001-2003,2017-2019,True
GADM:ETH.10_1,Ethiopia,2007,2018,11,2006-2008,2017-2019,True
GADM:ETH.11_1,Ethiopia,2007,2018,11,2006-2008,2017-2019,True
GADM:ETH.2_1,Ethiopia,2007,2017,10,2006-2008,2016-2018,True
GADM:ETH.3_1,Ethiopia,2007,2018,11,2006-2008,2017-2019,True
GADM:ETH.4_1,Ethiopia,2007,2018,11,2006-2008,2017-2019,True
GADM:ETH.5_1,Ethiopia,2007,2018,11,2006-2008,2017-2019,True
GADM:ETH.6_1,Ethiopia,2007,2017,10,2006-2008,2016-2018,True
GADM:ETH.7_1,Ethiopia,2007,2018,11,2006-2008,2017-2019,True
GADM:ETH.8_1,Ethiopia,2007,2018,11,2006-2008,2017-2019,True
GADM:ETH.9_1,Ethiopia,2007,2017,10,2006-2008,2016-2018,True
GADM:IDN.10_1,Indonesia,2002,2019,17,2001-2003,2018-2020,True
GADM:IDN.11_1,Indonesia,2002,2019,17,2001-2003,2018-2020,True
GADM:IDN.12_1,Indonesia,2002,2019,17,2001-2003,2018-2020,True
GADM:IDN.13_1,Indonesia,2002,2019,17,2001-2003,2018-2020,True
GADM:IDN.14_1,Indonesia,2002,2019,17,2001-2003,2018-2020,True
GADM:IDN.15_1,Indonesia,2002,2019,17,2001-2003,2018-2020,True
GADM:IDN.17_1,Indonesia,2002,2019,17,2001-2003,2018-2020,True
GADM:IDN.18_1,Indonesia,2003,2019,16,2002-2004,2018-2020,True
GADM:IDN.19_1,Indonesia,2002,2019,17,2001-2003,2018-2020,True
GADM:IDN.1_1,Indonesia,2002,2019,17,2001-2003,2018-2020,True
GADM:IDN.20_1,Indonesia,2002,2019,17,2001-2003,2018-2020,True
GADM:IDN.21_1,Indonesia,2002,2019,17,2001-2003,2018-2020,True
GADM:IDN.22_1,Indonesia,2005,2019,14,2004-2006,2018-2020,True
GADM:IDN.23_1,Indonesia,2002,2019,17,2001-2003,2018-2020,True
GADM:IDN.24_1,Indonesia,2002,2019,17,2001-2003,2018-2020,True
GADM:IDN.25_1,Indonesia,2005,2019,14,2004-2006,2018-2020,True
GADM:IDN.26_1,Indonesia,2002,2019,17,2001-2003,2018-2020,True
GADM:IDN.27_1,Indonesia,2002,2019,17,2001-2003,2018-2020,True
GADM:IDN.28_1,Indonesia,2002,2019,17,2001-2003,2018-2020,True
GADM:IDN.29_1,Indonesia,2002,2019,17,2001-2003,2018-2020,True
GADM:IDN.2_1,Indonesia,2002,2019,17,2001-2003,2018-2020,True
GADM:IDN.30_1,Indonesia,2002,2019,17,2001-2003,2018-2020,True
GADM:IDN.31_1,Indonesia,2002,2019,17,2001-2003,2018-2020,True
GADM:IDN.32_1,Indonesia,2002,2019,17,2001-2003,2018-2020,True
GADM:IDN.4_1,Indonesia,2002,2019,17,2001-2003,2018-2020,True
GADM:IDN.5_1,Indonesia,2002,2019,17,2001-2003,2018-2020,True
GADM:IDN.6_1,Indonesia,2002,2019,17,2001-2003,2018-2020,True
GADM:IDN.7_1,Indonesia,2002,2018,16,2001-2003,2017-2019,True
GADM:IDN.8_1,Indonesia,2002,2019,17,2001-2003,2018-2020,True
GADM:IDN.9_1,Indonesia,2002,2019,17,2001-2003,2018-2020,True
GADM:PAK.2_1,Pakistan,2002,2017,15,2001-2003,2016-2018,True
GADM:PAK.5_1,Pakistan,2002,2017,15,2001-2003,2016-2018,True
GADM:PAK.7_1,Pakistan,2002,2017,15,2001-2003,2016-2018,True
GADM:PAK.8_1,Pakistan,2002,2017,15,2001-2003,2016-2018,True
HV1:AO:Benguela,Angola,2002,2016,14,2001-2003,2015-2017,True
HV1:AO:Bie,Angola,2002,2016,14,2001-2003,2015-2017,True
HV1:AO:Cabinda,Angola,2002,2016,14,2001-2003,2015-2017,True
HV1:AO:Huambo,Angola,2002,2016,14,2001-2003,2015-2017,True
HV1:AO:Huila,Angola,2002,2016,14,2001-2003,2015-2017,True
HV1:AO:Kuando Kubango,Angola,2002,2016,14,2001-2003,2015-2017,True
HV1:AO:Kuanza Norte,Angola,2002,2016,14,2001-2003,2015-2017,True
HV1:AO:Kuanza Sul,Angola,2002,2016,14,2001-2003,2015-2017,True
HV1:AO:Luanda,Angola,2002,2016,14,2001-2003,2015-2017,True
HV1:AO:Lunda Norte,Angola,2002,2016,14,2001-2003,2015-2017,True
HV1:AO:Lunda Sul,Angola,2002,2016,14,2001-2003,2015-2017,True
HV1:AO:Malanje,Angola,2002,2016,14,2001-2003,2015-2017,True
HV1:AO:Moxico,Angola,2002,2016,14,2001-2003,2015-2017,True
HV1:AO:Namibe,Angola,2002,2016,14,2001-2003,2015-2017,True
HV1:AO:Uige,Angola,2002,2016,14,2001-2003,2015-2017,True
HV1:AO:Zaire,Angola,2002,2016,14,2001-2003,2015-2017,True
HV1:BJ:Alibori,Benin,2002,2019,17,2001-2003,2018-2020,True
HV1:BJ:Atacora,Benin,2002,2019,17,2001-2003,2018-2020,True
HV1:BJ:Atlantique,Benin,2002,2019,17,2001-2003,2018-2020,True
HV1:BJ:Borgou,Benin,2002,2019,17,2001-2003,2018-2020,True
HV1:BJ:Collines,Benin,2002,2019,17,2001-2003,2018-2020,True
HV1:BJ:Couffo,Benin,2002,2019,17,2001-2003,2018-2020,True
HV1:BJ:Donga,Benin,2002,2019,17,2001-2003,2018-2020,True
HV1:BJ:Mono,Benin,2002,2019,17,2001-2003,2018-2020,True
HV1:BJ:Ouémé,Benin,2002,2019,17,2001-2003,2018-2020,True
HV1:BJ:Plateau,Benin,2002,2019,17,2001-2003,2018-2020,True
HV1:BJ:Zou,Benin,2002,2019,17,2001-2003,2018-2020,True
HV1:BF:Boucle du Mouhoun,Burkina Faso,2002,2019,17,2001-2003,2018-2020,True
HV1:BF:Cascades,Burkina Faso,2002,2019,17,2001-2003,2018-2020,True
HV1:BF:Centre,Burkina Faso,2002,2019,17,2001-2003,2018-2020,True
HV1:BF:Centre-Est,Burkina Faso,2002,2019,17,2001-2003,2018-2020,True
HV1:BF:Centre-Nord,Burkina Faso,2002,2019,17,2001-2003,2018-2020,True
HV1:BF:Centre-Ouest,Burkina Faso,2002,2019,17,2001-2003,2018-2020,True
HV1:BF:Centre-Sud,Burkina Faso,2002,2019,17,2001-2003,2018-2020,True
HV1:BF:Est,Burkina Faso,2002,2019,17,2001-2003,2018-2020,True
HV1:BF:Hauts-Bassins,Burkina Faso,2002,2019,17,2001-2003,2018-2020,True
HV1:BF:Nord,Burkina Faso,2002,2019,17,2001-2003,2018-2020,True
HV1:BF:Plateau-Central,Burkina Faso,2002,2019,17,2001-2003,2018-2020,True
HV1:BF:Sahel,Burkina Faso,2002,2019,17,2001-2003,2018-2020,True
HV1:BF:Sud-Ouest,Burkina Faso,2002,2019,17,2001-2003,2018-2020,True
HV1:TD:Barh el Gazel,Chad,2002,2017,15,2001-2003,2016-2018,True
HV1:TD:Batha,Chad,2002,2017,15,2001-2003,2016-2018,True
HV1:TD:Chari-Baguirmi,Chad,2002,2017,15,2001-2003,2016-2018,True
HV1:TD:Guera,Chad,2002,2017,15,2001-2003,2016-2018,True
HV1:TD:Hadjer-Lamis,Chad,2002,2017,15,2001-2003,2016-2018,True
HV1:TD:Kanem,Chad,2002,2017,15,2001-2003,2016-2018,True
HV1:TD:Lac,Chad,2002,2017,15,2001-2003,2016-2018,True
HV1:TD:Logone Occidental,Chad,2002,2017,15,2001-2003,2016-2018,True
HV1:TD:Logone Oriental,Chad,2002,2017,15,2001-2003,2016-2018,True
HV1:TD:Mandoul,Chad,2002,2017,15,2001-2003,2016-2018,True
HV1:TD:Mayo-Kebbi Est,Chad,2002,2017,15,2001-2003,2016-2018,True
HV1:TD:Mayo-Kebbi Ouest,Chad,2002,2017,15,2001-2003,2016-2018,True
HV1:TD:Moyen-Chari,Chad,2002,2017,15,2001-2003,2016-2018,True
HV1:TD:Ouaddai,Chad,2002,2017,15,2001-2003,2016-2018,True
HV1:TD:Salamat,Chad,2002,2017,15,2001-2003,2016-2018,True
HV1:TD:Sila,Chad,2002,2017,15,2001-2003,2016-2018,True
HV1:TD:Tandjile,Chad,2002,2017,15,2001-2003,2016-2018,True
HV1:TD:Wadi Fira,Chad,2002,2017,15,2001-2003,2016-2018,True
HV1:ET:Afar,Ethiopia,2001,2019,18,2000-2002,2018-2020,True
HV1:ET:Amhara,Ethiopia,2001,2019,18,2000-2002,2018-2020,True
HV1:ET:Benishangul Gumuz,Ethiopia,2001,2019,18,2000-2002,2018-2020,True
HV1:ET:Dire Dawa,Ethiopia,2001,2019,18,2000-2002,2018-2020,True
HV1:ET:Gambela,Ethiopia,2001,2019,18,2000-2002,2018-2020,True
HV1:ET:Harari,Ethiopia,2001,2019,18,2000-2002,2018-2020,True
HV1:ET:Oromia,Ethiopia,2001,2019,18,2000-2002,2018-2020,True
HV1:ET:SNNPR,Ethiopia,2001,2019,18,2000-2002,2018-2020,True
HV1:ET:Sidama,Ethiopia,2001,2019,18,2000-2002,2018-2020,True
HV1:ET:Somali,Ethiopia,2001,2019,18,2000-2002,2018-2020,True
HV1:ET:Tigray,Ethiopia,2001,2019,18,2000-2002,2018-2020,True
HV1:GH:Ahafo,Ghana,2002,2019,17,2001-2003,2018-2020,True
HV1:GH:Ashanti,Ghana,2002,2019,17,2001-2003,2018-2020,True
HV1:GH:Bono,Ghana,2002,2019,17,2001-2003,2018-2020,True
HV1:GH:Bono East,Ghana,2002,2019,17,2001-2003,2018-2020,True
HV1:GH:Central,Ghana,2002,2019,17,2001-2003,2018-2020,True
HV1:GH:Eastern,Ghana,2002,2019,17,2001-2003,2018-2020,True
HV1:GH:Greater Accra,Ghana,2002,2019,17,2001-2003,2018-2020,True
HV1:GH:North East,Ghana,2002,2019,17,2001-2003,2018-2020,True
HV1:GH:Northern,Ghana,2002,2019,17,2001-2003,2018-2020,True
HV1:GH:Oti,Ghana,2002,2019,17,2001-2003,2018-2020,True
HV1:GH:Savannah,Ghana,2002,2019,17,2001-2003,2018-2020,True
HV1:GH:Upper East,Ghana,2002,2019,17,2001-2003,2018-2020,True
HV1:GH:Upper West,Ghana,2002,2019,17,2001-2003,2018-2020,True
HV1:GH:Volta,Ghana,2002,2019,17,2001-2003,2018-2020,True
HV1:GH:Western,Ghana,2002,2019,17,2001-2003,2018-2020,True
HV1:GH:Western North,Ghana,2002,2019,17,2001-2003,2018-2020,True
HV1:KE:Nairobi,Kenya,2006,2019,13,2005-2007,2018-2020,True
HV1:LS:Berea,Lesotho,2002,2019,17,2001-2003,2018-2020,True
HV1:LS:Butha-Buthe,Lesotho,2002,2019,17,2001-2003,2018-2020,True
HV1:LS:Leribe,Lesotho,2002,2019,17,2001-2003,2018-2020,True
HV1:LS:Mafeteng,Lesotho,2002,2019,17,2001-2003,2018-2020,True
HV1:LS:Maseru,Lesotho,2002,2019,17,2001-2003,2018-2020,True
HV1:LS:Mohale's Hoek,Lesotho,2002,2019,17,2001-2003,2018-2020,True
HV1:LS:Mokhotlong,Lesotho,2002,2017,15,2001-2003,2016-2018,True
HV1:LS:Qacha's Nek,Lesotho,2002,2017,15,2001-2003,2016-2018,True
HV1:LS:Quthing,Lesotho,2002,2017,15,2001-2003,2016-2018,True
HV1:LS:Thaba-Tseka,Lesotho,2002,2017,15,2001-2003,2016-2018,True
HV1:MW:Central,Malawi,2002,2019,17,2001-2003,2018-2020,True
HV1:MW:Northern,Malawi,2002,2019,17,2001-2003,2018-2020,True
HV1:MW:Southern,Malawi,2002,2019,17,2001-2003,2018-2020,True
HV1:ML:Gao,Mali,2002,2019,17,2001-2003,2018-2020,True
HV1:ML:Kayes,Mali,2002,2019,17,2001-2003,2018-2020,True
HV1:ML:Koulikoro,Mali,2002,2019,17,2001-2003,2018-2020,True
HV1:ML:Mopti,Mali,2002,2019,17,2001-2003,2018-2020,True
HV1:ML:Segou,Mali,2002,2019,17,2001-2003,2018-2020,True
HV1:ML:Sikasso,Mali,2002,2019,17,2001-2003,2018-2020,True
HV1:ML:Tombouctou,Mali,2002,2019,17,2001-2003,2018-2020,True
HV1:MR:Assaba,Mauritania,2002,2016,14,2001-2003,2015-2017,True
HV1:MR:Hodh el Gharbi,Mauritania,2002,2016,14,2001-2003,2015-2017,True
HV1:MZ:Cabo Delgado,Mozambique,2002,2019,17,2001-2003,2018-2020,True
HV1:MZ:Gaza,Mozambique,2002,2019,17,2001-2003,2018-2020,True
HV1:MZ:Inhambane,Mozambique,2002,2019,17,2001-2003,2018-2020,True
HV1:MZ:Manica,Mozambique,2002,2019,17,2001-2003,2018-2020,True
HV1:MZ:Maputo,Mozambique,2002,2019,17,2001-2003,2018-2020,True
HV1:MZ:Nampula,Mozambique,2002,2019,17,2001-2003,2018-2020,True
HV1:MZ:Niassa,Mozambique,2002,2019,17,2001-2003,2018-2020,True
HV1:MZ:Sofala,Mozambique,2002,2019,17,2001-2003,2018-2020,True
HV1:MZ:Tete,Mozambique,2002,2019,17,2001-2003,2018-2020,True
HV1:MZ:Zambezia,Mozambique,2002,2019,17,2001-2003,2018-2020,True
HV1:NE:Agadez,Niger,2002,2017,15,2001-2003,2016-2018,True
HV1:NE:Diffa,Niger,2002,2017,15,2001-2003,2016-2018,True
HV1:NE:Dosso,Niger,2002,2017,15,2001-2003,2016-2018,True
HV1:NE:Maradi,Niger,2002,2017,15,2001-2003,2016-2018,True
HV1:NE:Tahoua,Niger,2002,2017,15,2001-2003,2016-2018,True
HV1:NE:Tillaberi,Niger,2002,2017,15,2001-2003,2016-2018,True
HV1:NE:Zinder,Niger,2002,2019,17,2001-2003,2018-2020,True
HV1:NG:Abia,Nigeria,2002,2019,17,2001-2003,2018-2020,True
HV1:NG:Adamawa,Nigeria,2002,2019,17,2001-2003,2018-2020,True
HV1:NG:Akwa Ibom,Nigeria,2002,2019,17,2001-2003,2018-2020,True
HV1:NG:Anambra,Nigeria,2002,2019,17,2001-2003,2018-2020,True
HV1:NG:Bauchi,Nigeria,2002,2019,17,2001-2003,2018-2020,True
HV1:NG:Bayelsa,Nigeria,2002,2019,17,2001-2003,2018-2020,True
HV1:NG:Benue,Nigeria,2002,2019,17,2001-2003,2018-2020,True
HV1:NG:Borno,Nigeria,2002,2019,17,2001-2003,2018-2020,True
HV1:NG:Cross River,Nigeria,2002,2019,17,2001-2003,2018-2020,True
HV1:NG:Delta,Nigeria,2002,2019,17,2001-2003,2018-2020,True
HV1:NG:Ebonyi,Nigeria,2002,2019,17,2001-2003,2018-2020,True
HV1:NG:Edo,Nigeria,2002,2019,17,2001-2003,2018-2020,True
HV1:NG:Ekiti,Nigeria,2002,2019,17,2001-2003,2018-2020,True
HV1:NG:Enugu,Nigeria,2002,2019,17,2001-2003,2018-2020,True
HV1:NG:Federal Capital Territory,Nigeria,2002,2019,17,2001-2003,2018-2020,True
HV1:NG:Gombe,Nigeria,2002,2019,17,2001-2003,2018-2020,True
HV1:NG:Imo,Nigeria,2002,2019,17,2001-2003,2018-2020,True
HV1:NG:Jigawa,Nigeria,2002,2019,17,2001-2003,2018-2020,True
HV1:NG:Kaduna,Nigeria,2002,2019,17,2001-2003,2018-2020,True
HV1:NG:Kano,Nigeria,2002,2019,17,2001-2003,2018-2020,True
HV1:NG:Katsina,Nigeria,2002,2019,17,2001-2003,2018-2020,True
HV1:NG:Kebbi,Nigeria,2002,2019,17,2001-2003,2018-2020,True
HV1:NG:Kogi,Nigeria,2002,2019,17,2001-2003,2018-2020,True
HV1:NG:Kwara,Nigeria,2002,2019,17,2001-2003,2018-2020,True
HV1:NG:Lagos,Nigeria,2002,2019,17,2001-2003,2018-2020,True
HV1:NG:Nasarawa,Nigeria,2002,2019,17,2001-2003,2018-2020,True
HV1:NG:Niger,Nigeria,2002,2019,17,2001-2003,2018-2020,True
HV1:NG:Ogun,Nigeria,2002,2019,17,2001-2003,2018-2020,True
HV1:NG:Ondo,Nigeria,2002,2019,17,2001-2003,2018-2020,True
HV1:NG:Osun,Nigeria,2002,2019,17,2001-2003,2018-2020,True
HV1:NG:Oyo,Nigeria,2002,2019,17,2001-2003,2018-2020,True
HV1:NG:Plateau,Nigeria,2002,2019,17,2001-2003,2018-2020,True
HV1:NG:Rivers,Nigeria,2002,2019,17,2001-2003,2018-2020,True
HV1:NG:Sokoto,Nigeria,2002,2019,17,2001-2003,2018-2020,True
HV1:NG:Taraba,Nigeria,2002,2019,17,2001-2003,2018-2020,True
HV1:NG:Yobe,Nigeria,2002,2019,17,2001-2003,2018-2020,True
HV1:NG:Zamfara,Nigeria,2002,2019,17,2001-2003,2018-2020,True
HV1:SN:Dakar,Senegal,2002,2015,13,2001-2003,2014-2016,True
HV1:SN:Diourbel,Senegal,2002,2015,13,2001-2003,2014-2016,True
HV1:SN:Fatick,Senegal,2002,2015,13,2001-2003,2014-2016,True
HV1:SN:Kaolack,Senegal,2002,2015,13,2001-2003,2014-2016,True
HV1:SN:Kedougou,Senegal,2002,2015,13,2001-2003,2014-2016,True
HV1:SN:Kolda,Senegal,2002,2015,13,2001-2003,2014-2016,True
HV1:SN:Louga,Senegal,2002,2015,13,2001-2003,2014-2016,True
HV1:SN:Matam,Senegal,2001,2015,14,2000-2002,2014-2016,True
HV1:SN:Saint-Louis,Senegal,2002,2015,13,2001-2003,2014-2016,True
HV1:SN:Tambacounda,Senegal,2002,2015,13,2001-2003,2014-2016,True
HV1:SN:Thies,Senegal,2002,2015,13,2001-2003,2014-2016,True
HV1:SN:Ziguinchor,Senegal,2002,2015,13,2001-2003,2014-2016,True
HV1:SO:Lower Juba,Somalia,2002,2019,17,2001-2003,2018-2020,True
HV1:ZA:Eastern Cape,South Africa,2002,2019,17,2001-2003,2018-2020,True
HV1:ZA:Free State,South Africa,2002,2019,17,2001-2003,2018-2020,True
HV1:ZA:Gauteng,South Africa,2002,2019,17,2001-2003,2018-2020,True
HV1:ZA:Kwazulu-Natal,South Africa,2002,2019,17,2001-2003,2018-2020,True
HV1:ZA:Limpopo,South Africa,2002,2019,17,2001-2003,2018-2020,True
HV1:ZA:Mpumalanga,South Africa,2002,2019,17,2001-2003,2018-2020,True
HV1:ZA:North West,South Africa,2002,2019,17,2001-2003,2018-2020,True
HV1:ZA:Northern Cape,South Africa,2002,2019,17,2001-2003,2018-2020,True
HV1:ZA:Western Cape,South Africa,2002,2019,17,2001-2003,2018-2020,True
HV1:SD:Blue Nile,Sudan,2002,2019,17,2001-2003,2018-2020,True
HV1:SD:Central Darfur,Sudan,2002,2019,17,2001-2003,2018-2020,True
HV1:SD:East Darfur,Sudan,2002,2019,17,2001-2003,2018-2020,True
HV1:SD:Gedaref,Sudan,2002,2019,17,2001-2003,2018-2020,True
HV1:SD:Gezira,Sudan,2002,2019,17,2001-2003,2018-2020,True
HV1:SD:North Darfur,Sudan,2002,2019,17,2001-2003,2018-2020,True
HV1:SD:North Kordofan,Sudan,2002,2019,17,2001-2003,2018-2020,True
HV1:SD:Sinnar,Sudan,2002,2019,17,2001-2003,2018-2020,True
HV1:SD:South Darfur,Sudan,2002,2019,17,2001-2003,2018-2020,True
HV1:SD:South Kordofan,Sudan,2002,2019,17,2001-2003,2018-2020,True
HV1:SD:West Darfur,Sudan,2002,2019,17,2001-2003,2018-2020,True
HV1:SD:West Kordofan,Sudan,2002,2019,17,2001-2003,2018-2020,True
HV1:SD:White Nile,Sudan,2002,2019,17,2001-2003,2018-2020,True
HV1:TZ:Arusha,"Tanzania, United Republic of",2002,2015,13,2001-2003,2014-2016,True
HV1:TZ:Dar es Salaam,"Tanzania, United Republic of",2002,2015,13,2001-2003,2014-2016,True
HV1:TZ:Dodoma,"Tanzania, United Republic of",2002,2015,13,2001-2003,2014-2016,True
HV1:TZ:Geita,"Tanzania, United Republic of",2002,2015,13,2001-2003,2014-2016,True
HV1:TZ:Iringa,"Tanzania, United Republic of",2002,2015,13,2001-2003,2014-2016,True
HV1:TZ:Kagera,"Tanzania, United Republic of",2002,2015,13,2001-2003,2014-2016,True
HV1:TZ:Katavi,"Tanzania, United Republic of",2002,2015,13,2001-2003,2014-2016,True
HV1:TZ:Kigoma,"Tanzania, United Republic of",2002,2015,13,2001-2003,2014-2016,True
HV1:TZ:Kilimanjaro,"Tanzania, United Republic of",2002,2015,13,2001-2003,2014-2016,True
HV1:TZ:Lindi,"Tanzania, United Republic of",2002,2015,13,2001-2003,2014-2016,True
HV1:TZ:Manyara,"Tanzania, United Republic of",2002,2015,13,2001-2003,2014-2016,True
HV1:TZ:Mara,"Tanzania, United Republic of",2002,2015,13,2001-2003,2014-2016,True
HV1:TZ:Mbeya,"Tanzania, United Republic of",2002,2015,13,2001-2003,2014-2016,True
HV1:TZ:Morogoro,"Tanzania, United Republic of",2002,2015,13,2001-2003,2014-2016,True
HV1:TZ:Mtwara,"Tanzania, United Republic of",2002,2015,13,2001-2003,2014-2016,True
HV1:TZ:Mwanza,"Tanzania, United Republic of",2002,2015,13,2001-2003,2014-2016,True
HV1:TZ:Njombe,"Tanzania, United Republic of",2002,2015,13,2001-2003,2014-2016,True
HV1:TZ:Pemba North,"Tanzania, United Republic of",2007,2015,8,2006-2008,2014-2016,True
HV1:TZ:Pemba South,"Tanzania, United Republic of",2007,2015,8,2006-2008,2014-2016,True
HV1:TZ:Pwani,"Tanzania, United Republic of",2002,2015,13,2001-2003,2014-2016,True
HV1:TZ:Rukwa,"Tanzania, United Republic of",2002,2015,13,2001-2003,2014-2016,True
HV1:TZ:Ruvuma,"Tanzania, United Republic of",2002,2015,13,2001-2003,2014-2016,True
HV1:TZ:Shinyanga,"Tanzania, United Republic of",2002,2015,13,2001-2003,2014-2016,True
HV1:TZ:Simiyu,"Tanzania, United Republic of",2002,2015,13,2001-2003,2014-2016,True
HV1:TZ:Singida,"Tanzania, United Republic of",2002,2015,13,2001-2003,2014-2016,True
HV1:TZ:Tabora,"Tanzania, United Republic of",2002,2015,13,2001-2003,2014-2016,True
HV1:TZ:Tanga,"Tanzania, United Republic of",2002,2015,13,2001-2003,2014-2016,True
HV1:TZ:Zanzibar Central/South,"Tanzania, United Republic of",2007,2015,8,2006-2008,2014-2016,True
HV1:TZ:Zanzibar North,"Tanzania, United Republic of",2007,2015,8,2006-2008,2014-2016,True
HV1:TZ:Zanzibar Urban/West,"Tanzania, United Republic of",2007,2015,8,2006-2008,2014-2016,True
HV1:TG:Kara,Togo,2002,2015,13,2001-2003,2014-2016,True
HV1:ZM:Central,Zambia,2002,2016,14,2001-2003,2015-2017,True
HV1:ZM:Copperbelt,Zambia,2002,2016,14,2001-2003,2015-2017,True
HV1:ZM:Eastern,Zambia,2002,2016,14,2001-2003,2015-2017,True
HV1:ZM:Luapula,Zambia,2002,2016,14,2001-2003,2015-2017,True
HV1:ZM:Lusaka,Zambia,2002,2016,14,2001-2003,2015-2017,True
HV1:ZM:Muchinga,Zambia,2002,2016,14,2001-2003,2015-2017,True
HV1:ZM:North-Western,Zambia,2002,2016,14,2001-2003,2015-2017,True
HV1:ZM:Northern,Zambia,2002,2016,14,2001-2003,2015-2017,True
HV1:ZM:Southern,Zambia,2002,2016,14,2001-2003,2015-2017,True
HV1:ZM:Western,Zambia,2002,2016,14,2001-2003,2015-2017,True
BR:Acre,Brazil,2002,2016,14,2001-2003,2015-2017,True
BR:Alagoas,Brazil,2002,2016,14,2001-2003,2015-2017,True
BR:Amazonas,Brazil,2002,2016,14,2001-2003,2015-2017,True
BR:Bahia,Brazil,2002,2016,14,2001-2003,2015-2017,True
BR:Distrito Federal,Brazil,2002,2016,14,2001-2003,2015-2017,True
BR:Mato Grosso,Brazil,2002,2016,14,2001-2003,2015-2017,True
BR:Mato Grosso do Sul,Brazil,2002,2016,14,2001-2003,2015-2017,True
BR:Minas Gerais,Brazil,2002,2016,14,2001-2003,2015-2017,True
BR:Pernambuco,Brazil,2002,2016,14,2001-2003,2015-2017,True
BR:Rio Grande do Norte,Brazil,2002,2016,14,2001-2003,2015-2017,True
BR:Rio Grande do Sul,Brazil,2002,2016,14,2001-2003,2015-2017,True
BR:Rio de Janeiro,Brazil,2002,2016,14,2001-2003,2015-2017,True
BR:Roraima,Brazil,2002,2016,14,2001-2003,2015-2017,True
BR:Santa Catarina,Brazil,2002,2016,14,2001-2003,2015-2017,True
BR:Sergipe,Brazil,2002,2016,14,2001-2003,2015-2017,True
BR:Tocantins,Brazil,2002,2016,14,2001-2003,2015-2017,True
CA:Alberta,Canada,2002,2019,17,2001-2003,2018-2020,True
CA:British Columbia,Canada,2002,2019,17,2001-2003,2018-2020,True
CA:Manitoba,Canada,2002,2019,17,2001-2003,2018-2020,True
CA:New Brunswick,Canada,2002,2019,17,2001-2003,2018-2020,True
CA:Nova Scotia,Canada,2002,2019,17,2001-2003,2018-2020,True
CA:Ontario,Canada,2002,2019,17,2001-2003,2018-2020,True
CA:Prince Edward Island,Canada,2002,2019,17,2001-2003,2018-2020,True
CA:Quebec,Canada,2002,2019,17,2001-2003,2018-2020,True
CA:Saskatchewan,Canada,2002,2019,17,2001-2003,2018-2020,True
US:01,United States,2002,2022,20,2001-2003,2021-2023,True
US:02,United States,2002,2022,20,2001-2003,2021-2023,True
US:04,United States,2002,2022,20,2001-2003,2021-2023,True
US:05,United States,2002,2022,20,2001-2003,2021-2023,True
US:06,United States,2002,2022,20,2001-2003,2021-2023,True
US:08,United States,2002,2022,20,2001-2003,2021-2023,True
US:09,United States,2002,2022,20,2001-2003,2021-2023,True
US:10,United States,2002,2022,20,2001-2003,2021-2023,True
US:12,United States,2002,2022,20,2001-2003,2021-2023,True
US:13,United States,2002,2022,20,2001-2003,2021-2023,True
US:15,United States,2002,2022,20,2001-2003,2021-2023,True
US:16,United States,2002,2022,20,2001-2003,2021-2023,True
US:17,United States,2002,2022,20,2001-2003,2021-2023,True
US:18,United States,2002,2022,20,2001-2003,2021-2023,True
US:19,United States,2002,2022,20,2001-2003,2021-2023,True
US:20,United States,2002,2022,20,2001-2003,2021-2023,True
US:21,United States,2002,2022,20,2001-2003,2021-2023,True
US:22,United States,2002,2022,20,2001-2003,2021-2023,True
US:23,United States,2002,2022,20,2001-2003,2021-2023,True
US:24,United States,2002,2022,20,2001-2003,2021-2023,True
US:25,United States,2002,2022,20,2001-2003,2021-2023,True
US:26,United States,2002,2022,20,2001-2003,2021-2023,True
US:27,United States,2002,2022,20,2001-2003,2021-2023,True
US:28,United States,2002,2022,20,2001-2003,2021-2023,True
US:29,United States,2002,2022,20,2001-2003,2021-2023,True
US:30,United States,2002,2022,20,2001-2003,2021-2023,True
US:31,United States,2002,2022,20,2001-2003,2021-2023,True
US:32,United States,2002,2022,20,2001-2003,2021-2023,True
US:33,United States,2002,2022,20,2001-2003,2021-2023,True
US:34,United States,2002,2022,20,2001-2003,2021-2023,True
US:35,United States,2002,2022,20,2001-2003,2021-2023,True
US:36,United States,2002,2022,20,2001-2003,2021-2023,True
US:37,United States,2002,2022,20,2001-2003,2021-2023,True
US:38,United States,2002,2022,20,2001-2003,2021-2023,True
US:39,United States,2002,2022,20,2001-2003,2021-2023,True
US:40,United States,2002,2022,20,2001-2003,2021-2023,True
US:41,United States,2002,2022,20,2001-2003,2021-2023,True
US:42,United States,2002,2022,20,2001-2003,2021-2023,True
US:44,United States,2002,2022,20,2001-2003,2021-2023,True
US:45,United States,2002,2022,20,2001-2003,2021-2023,True
US:46,United States,2002,2022,20,2001-2003,2021-2023,True
US:47,United States,2002,2022,20,2001-2003,2021-2023,True
US:48,United States,2002,2022,20,2001-2003,2021-2023,True
US:49,United States,2002,2022,20,2001-2003,2021-2023,True
US:50,United States,2002,2022,20,2001-2003,2021-2023,True
US:51,United States,2002,2022,20,2001-2003,2021-2023,True
US:53,United States,2002,2022,20,2001-2003,2021-2023,True
US:54,United States,2002,2022,20,2001-2003,2021-2023,True
US:55,United States,2002,2022,20,2001-2003,2021-2023,True
US:56,United States,2002,2022,20,2001-2003,2021-2023,True
