scenario,rho_km,method,n_sims,type_I,coverage_null,median_ci_width,calibration
independent,1.0,hc3,200,0.055,0.945,0.55232917332189,PASS
independent,1.0,crve_country,200,0.155,0.845,0.32073592861543426,FAIL
independent,1.0,grid10,200,0.045,0.955,0.6114352562438706,PASS
independent,1.0,grid15,200,0.035,0.965,0.5913572109725735,PASS
independent,1.0,km,200,0.025,0.975,0.5873971182831066,PASS
weak,150.0,hc3,200,0.07,0.93,0.5084368284903986,PASS
weak,150.0,crve_country,200,0.15,0.85,0.32685537400797565,FAIL
weak,150.0,grid10,200,0.035,0.965,0.5850552866146025,PASS
weak,150.0,grid15,200,0.02,0.98,0.6064998371175239,PASS
weak,150.0,km,200,0.02,0.98,0.5755551707233255,PASS
moderate,500.0,hc3,200,0.04,0.96,0.4959711459684354,PASS
moderate,500.0,crve_country,200,0.195,0.805,0.2998148536040275,FAIL
moderate,500.0,grid10,200,0.035,0.965,0.5568954294629218,PASS
moderate,500.0,grid15,200,0.025,0.975,0.5469214853425399,PASS
moderate,500.0,km,200,0.045,0.955,0.5365114594396885,PASS
strong,1500.0,hc3,200,0.07,0.93,0.4620447154238134,PASS
strong,1500.0,crve_country,200,0.195,0.805,0.2815163644513407,FAIL
strong,1500.0,grid10,200,0.03,0.97,0.5113256920928411,PASS
strong,1500.0,grid15,200,0.03,0.97,0.5099019547244653,PASS
strong,1500.0,km,200,0.045,0.955,0.511002277147965,PASS
