file,exists,utf8,rows,cols,col_counts,malformed_lines,duplicated_headers,duplicated_rows,empty_id_fields,missing_tokens,pandas_ok,issues
civilization_adaptation_feasibility/CIVILIZATION_ADAPTATION_FEASIBILITY/01_novelty_matrix.csv,True,True,18,11,11,0,False,0,0,NA,True,
civilization_adaptation_feasibility/CIVILIZATION_ADAPTATION_FEASIBILITY/02_historical_data_audit.csv,True,True,15,20,20,0,False,0,0,n/a,True,
civilization_adaptation_feasibility/CIVILIZATION_ADAPTATION_FEASIBILITY/03_contemporary_data_audit.csv,True,True,23,12,12,0,False,0,0,,True,
civilization_adaptation_feasibility/CIVILIZATION_ADAPTATION_FEASIBILITY/04_future_counterfactual_audit.csv,True,True,3,13,13,0,False,0,0,NA,True,
civilization_adaptation_feasibility/CIVILIZATION_ADAPTATION_FEASIBILITY/05_identification_risk_register.csv,True,True,17,6,6,0,False,0,0,n/a,True,
civilization_adaptation_feasibility/CIVILIZATION_ADAPTATION_FEASIBILITY/06_pilot_results.csv,True,True,10,10,10,0,False,0,0,NA,True,
civilization_adaptation_feasibility/CIVILIZATION_ADAPTATION_FEASIBILITY/DATA_SOURCE_LEDGER.csv,True,True,10,12,12,0,False,0,0,-|<empty>,True,
crop_rigidity_design_freeze/CROP_RIGIDITY_DESIGN_FREEZE/06_COVARIATE_TABLE.csv,True,True,16,7,7,0,False,0,0,NA,True,
crop_rigidity_design_freeze/CROP_RIGIDITY_DESIGN_FREEZE/07_MULTIVERSE_PROTOCOL.csv,True,True,21,9,9,0,False,0,0,,True,
crop_rigidity_design_freeze/CROP_RIGIDITY_DESIGN_FREEZE/DATA_SOURCE_LEDGER_v2.csv,True,True,30,13,13,0,False,0,0,NA,True,
crop_rigidity_design_freeze/analysis/design_diagnostics_globals.csv,True,True,1,12,12,0,False,0,0,,True,
crop_rigidity_design_freeze/analysis/design_diagnostics_summary.csv,True,True,210,12,12,0,False,0,0,,True,
crop_rigidity_design_freeze/analysis/power_simulation.csv,True,True,4,7,7,0,False,0,0,,True,
