country,n_crops_legacy,n_years_legacy,n_years_outcome,hhi,entropy,top1,top3,jsd,replaced,delta_hhi,emergent_crop
Afghanistan,46,20,20,0.2703169497356118,1.8977432120924274,0.4155390261168972,0.7635286431591471,0.10831626226600054,0,0.01884152532727701,0
Africa (FAO),150,20,20,0.08974325497353122,3.1467745014765596,0.24835020905846253,0.38781684676281636,0.07517449497487524,0,-0.011251142715894696,0
Albania,63,20,20,0.12876613915425972,2.7387923982681532,0.2866051555190843,0.5272097407022674,0.2146914154429243,0,-0.019162833350308606,0
Algeria,71,20,20,0.19670903465433592,2.269232496725638,0.35757624028484997,0.7016855258574713,0.08682095248157325,0,-0.01817007262132897,0
Americas (FAO),156,20,20,0.11301564757698956,2.743519263598164,0.24470381287502427,0.47402661320321876,0.11317223626427701,0,0.0005405188137120598,0
Angola,41,20,20,0.13426154841142057,2.456696308180891,0.23685061657766746,0.563293607211046,0.14237753882711945,0,-0.017224314572140242,0
Antigua and Barbuda,32,20,20,0.11778688342259325,2.4579231525113956,0.19038215213545825,0.47434173359312154,0.12017381718457333,0,0.002657584710088798,0
Argentina,85,20,20,0.12975003469619967,2.4269519671753903,0.20745533043070952,0.548770851848705,0.18171613591941937,1,0.038016233837294106,0
Asia (FAO),159,20,20,0.11493443439618115,2.9552411630907423,0.2804632698843819,0.4788695020230525,0.08781434689968352,0,-0.01417861241626886,0
Australia,90,20,20,0.24650291381086809,1.9969190181932055,0.40293470862437986,0.7495288149709298,0.12296520445581832,0,-0.03426623810277529,0
Australia and New Zealand (FAO),100,20,20,0.24373547354049263,2.024252500754884,0.40120754381764134,0.7460651037198789,0.12308143916550847,0,-0.03346477743211454,0
Austria,66,20,20,0.17074521519366287,2.454926854471855,0.3653779792107311,0.5887915031076556,0.12652523234455512,0,-0.015394879652323917,0
Bahamas,19,20,20,0.107791180908055,2.4988217528958656,0.18841697482765132,0.46675143664107926,0.2442961838275597,0,-0.00956202235206885,0
Bahrain,28,20,20,0.17517179872428365,2.2053063927294208,0.3198354195626897,0.6619530600202019,0.1669150370260569,0,0.08659528079325482,0
Bangladesh,67,20,20,0.2877507620369322,1.8685064119207317,0.38993430709433274,0.7790814550867082,0.122216640451285,0,0.002356280947361622,0
Barbados,35,20,20,0.2637096257019386,1.9459785315598024,0.3595482486179405,0.7636030640101971,0.15628310247164068,0,-0.0495294592541895,0
Belize,47,20,20,0.1039280133279839,2.546858852894915,0.15846099918003748,0.43539650900998217,0.109746686486399,0,-0.011912283392089537,0
Benin,54,20,20,0.08666580165601553,2.8452753878126553,0.18752968428704767,0.4146871966373523,0.16744180418011664,0,-0.0025344510836310674,0
Bhutan,35,20,20,0.18003627663677016,2.3790485336867437,0.3666431861306354,0.6352351170888307,0.1867371922192395,0,-0.05012900879429094,0
Bolivia,79,20,20,0.07953619970603829,3.0439645829551245,0.1964665671856123,0.38140850128312787,0.2068199380108724,1,0.028989034379531597,0
Botswana,23,20,20,0.24047284792865722,1.8809291495915488,0.39171378882263286,0.7547545012448467,0.11780263390632036,0,-0.034462433974204676,0
Brazil,80,20,20,0.08674351120772573,2.824657963433083,0.171787749555964,0.40131411464844685,0.16034986366380327,1,0.025682371257081935,0
Brunei,32,20,20,0.19536328441314274,2.063642495549998,0.2961353058802225,0.7179847096625875,0.10735286226429208,0,0.02361131069979322,0
Bulgaria,82,20,20,0.15239300648648502,2.4951057239208465,0.31530004129211375,0.5658307028636573,0.19141792992935883,0,0.0017065407565682034,0
Burkina Faso,46,20,20,0.17466119182328288,2.177999339901925,0.33583115152505855,0.6402564717613615,0.16342742647994088,0,-0.05871678583376638,0
Burundi,34,20,20,0.09341067491926387,2.660914218724483,0.15192191825962326,0.4030940415287361,0.12018075952339159,0,-0.003742051691793827,0
Cambodia,42,20,20,0.35849194700674963,1.485695406347841,0.428402167033303,0.863248255979862,0.15634362375076616,0,-0.07100665931555605,0
Cameroon,78,20,20,0.056471648683231866,3.1977981455106277,0.12640226218659345,0.30413925130087827,0.14955738547435068,0,0.002998401754954187,0
Canada,65,20,20,0.19391227181618123,2.0894051809183996,0.34772461075790506,0.6507035551815923,0.18154632365788043,0,-0.05932516759100906,0
Cape Verde,34,20,20,0.19725388259159876,1.8959004468819598,0.23989981290547369,0.6809093051778397,0.0965959033047295,1,-0.013030894683160488,0
Caribbean (FAO),91,20,20,0.08134996439464433,3.067099066155402,0.17041128641875208,0.43089141870268044,0.17737603440434901,1,-0.028891395246586127,0
Central African Republic,43,20,20,0.08220918582743737,2.8414592082378314,0.13446262396852934,0.39851692093270474,0.13216474877966503,1,-0.005769171561322145,0
Central America (FAO),130,20,20,0.14694963777074396,2.6423766391763794,0.2964183740004765,0.5659926134628365,0.09137211008747752,0,-0.013848952653730456,0
Chad,33,20,20,0.12699294384428797,2.4611527466453103,0.264829648277312,0.4886411683535839,0.1179695197050226,0,0.011982612421468142,0
Chile,82,20,20,0.1127593669331105,2.907326939359691,0.2572667788858556,0.5119211451735518,0.1758429922442506,0,-0.014302397769010072,0
China,128,20,20,0.11485748383931756,2.8603563448133893,0.2773412044638424,0.464851800782194,0.13479469907244496,0,-0.017902261077185386,0
China (FAO),133,20,20,0.11462800924121797,2.8646410846752417,0.2770832926522321,0.4647126896361896,0.1338648389149367,0,-0.017811316361565424,0
Colombia,83,20,20,0.07082703386597021,3.070911408135865,0.16869178107381422,0.36797735552446653,0.15690709274324552,0,-0.005590270930191071,0
Comoros,28,20,20,0.08442962282060715,2.66733659143614,0.1324301714161057,0.3937765976235629,0.18783749074017836,1,-0.0015276603060857818,0
Congo,52,20,20,0.10898668526867383,2.7617786327380123,0.21561412964235188,0.4929616235076786,0.11712543001976007,0,-0.008523029637542104,0
Cook Islands,26,20,20,0.17991987409528173,2.092725103247486,0.23801677242419583,0.7140503172725875,0.19381410504289057,0,0.003543198839557754,0
Costa Rica,67,20,20,0.06606738327403215,3.0587047561200293,0.12379066227676441,0.3480160304549691,0.24243034367570146,1,0.004881943655410295,0
Cote d'Ivoire,66,20,20,0.07474205705668396,2.96866113607912,0.15767342556323635,0.3793596587875509,0.22181483007407654,0,-0.00025134897965281566,0
Cuba,52,20,20,0.16971000205984502,2.4727874576038626,0.28165058863890335,0.6212878670421113,0.2300843812846758,0,-0.09320269865492656,0
Cyprus,75,20,20,0.13240392489291422,2.5369050731945175,0.22286700963248238,0.5859672146940619,0.15686464244919085,0,-0.01293321627115153,0
Democratic Republic of Congo,62,20,20,0.09720071273949142,2.720171582339351,0.17134724446844582,0.459767987545454,0.10421235714496954,0,0.013056483199789484,0
Denmark,46,20,20,0.21824628055495318,1.9982423277302193,0.37837714752027773,0.7255056743989218,0.1302608918641267,0,0.016001257023415455,0
Djibouti,28,20,20,0.24148580041891582,1.6162837330756845,0.3083463483958354,0.7766246618571998,0.05758187362262861,0,0.02546069712808363,0
Dominica,43,20,20,0.09073785458447281,2.775090282622958,0.2091370124046301,0.37634302101054085,0.1697832395164883,0,-0.008709186560889398,0
Dominican Republic,63,20,20,0.06154835383079809,3.125428169386623,0.11043221400127314,0.3041263459172733,0.17223956626080475,1,-0.003156778358184467,0
East Timor,35,20,20,0.1210419121314711,2.4637661142689318,0.22289287231282348,0.5459544233947842,0.09793895965013272,0,-0.006545503315209492,0
Eastern Africa (FAO),123,20,20,0.08579272625779505,3.118196860571774,0.23040428981772618,0.4051924401987428,0.0859818262318637,0,-0.000122593524963438,0
Eastern Asia (FAO),136,20,20,0.11521958586707383,2.868186859787987,0.27847413791277925,0.46889712057924293,0.1279867092841693,0,-0.018039766164539547,0
Eastern Europe (FAO),107,20,20,0.17107680182860802,2.4969151943546266,0.36030136440127314,0.6048971058537881,0.17895655002992072,0,-0.01792499997796193,0
Ecuador,88,20,20,0.08112135111865987,2.993752401798924,0.19219269612438306,0.38856215523577975,0.15277404583030976,0,-0.0026151082457108593,0
Egypt,87,20,20,0.10062797219527131,2.943010679954781,0.25722009036484283,0.43523509475426897,0.15400204390364272,0,0.009273504636664404,0
El Salvador,52,20,20,0.14500864940425887,2.436063289903883,0.28243507525851863,0.5882239071683828,0.15358283542529483,0,-0.00074593078393978,0
Equatorial Guinea,15,20,20,0.17210105994219416,2.1699701297487306,0.3422974468180921,0.6025114337572248,0.22986960983015806,1,-0.04204422622708068,0
Eswatini,39,20,20,0.1044791640307802,2.6130316064243324,0.18753530729928428,0.4655618583781265,0.19105949073813458,0,0.017483978216694757,0
Europe (FAO),129,20,20,0.15519864936663008,2.6334264934897207,0.34082953214597506,0.5774953011581465,0.13796496643376283,0,-0.013265447369199795,0
European Union (27),129,20,20,0.12873842938580568,2.7951245640116973,0.3066538205903521,0.5072862566824464,0.0999059987052486,0,0.002752529532222242,0
Fiji,44,20,20,0.15280394020186522,2.1482166731549897,0.20075928327671932,0.5757950288900002,0.14249000692027036,0,-0.020095178254131874,0
Finland,39,20,20,0.2544741765662305,1.8215673017614082,0.4270486269922872,0.787245979963172,0.08168986687843185,0,-0.007748032543035049,0
France,94,20,20,0.15021136968443005,2.5090119546830607,0.3177810073899457,0.5527014862978901,0.08912657144664685,0,0.002864793829115142,0
French Polynesia,39,20,20,0.27452789901699326,1.5817177562825184,0.302127038200441,0.906381114601323,0.07931975434576856,1,-0.005209507522652368,0
Gabon,31,20,20,0.0952136940057145,2.661873158977402,0.18597042361031751,0.4401684541597315,0.12971480415157585,0,-0.006115127995674902,0
Gambia,23,20,20,0.1428415595279533,2.207772159529743,0.18522584010051135,0.5492653959707451,0.1568158485937461,1,0.004320964410251815,0
Germany,64,20,20,0.16932638278413606,2.3877630194201283,0.3543178230942523,0.6092121235356869,0.1394131660493037,0,-0.003865668892678281,0
Ghana,56,20,20,0.07914475384676,2.9016998537096352,0.15741502078579692,0.40636728226292995,0.15555556056502753,1,-0.007561416089506376,0
Greece,94,20,20,0.10116821062559565,2.8030050962341884,0.20725732114500375,0.4734015192709131,0.10686841967417807,1,0.0028584338347405758,0
Grenada,46,20,20,0.0963937597899145,2.767415117500965,0.17268778523918327,0.4557060360514509,0.18280392029627762,0,-0.025504811493738525,0
Guatemala,70,20,20,0.13074522763166635,2.6557285401094837,0.2497354243840728,0.5582315969008922,0.1658816866767505,0,-0.029943655489283613,0
Guinea,42,20,20,0.086381604075946,2.855652785511816,0.19427850490644027,0.4088680868282394,0.16147714748688463,0,0.021986495321689448,0
Guinea-Bissau,34,20,20,0.1038923349193759,2.5934584999266224,0.2029387502632767,0.45257896429417166,0.16541994707967048,1,0.01494410603643205,0
Guyana,53,20,20,0.17469076650680138,2.235816119725722,0.2680116456552621,0.6532131469276947,0.10049419892099137,0,0.047295278002028485,0
Haiti,54,20,20,0.07274420575127905,3.0532665490316897,0.18635953861723575,0.37491268722126003,0.14590086740896027,0,0.0013442062832757923,0
Honduras,60,20,20,0.15247204223664976,2.438907184550408,0.28045254244392037,0.6065349098631447,0.17200245852677043,0,-0.04419728042202693,0
Hong Kong,19,20,20,0.28110657032819153,1.715498463617729,0.46875595365765216,0.795586745662523,0.27972728547043696,0,-0.07346622832033231,0
Hungary,87,20,20,0.1569732758303015,2.505777254849459,0.3292553726223964,0.5972734690874602,0.14768160925067392,0,0.0022245834099078043,0
Iceland,8,20,20,0.45651118673346314,0.9103656332270502,0.4774255967841881,0.9774255967853809,0.6000466392252051,1,-0.16311269895144037,2
India,92,20,20,0.10630856317965787,2.859725237136824,0.25904154776851723,0.4480027531238313,0.10542101064218194,0,-0.010524106070869288,0
Indonesia,71,20,20,0.12343242445014793,2.6762612225276046,0.24685062469097768,0.5293111402440697,0.17353943828585194,0,-0.015334128982520914,0
Iran,97,20,20,0.19826032264702362,2.3687003610698243,0.35285733906578864,0.6814805167147836,0.09341583743290745,0,-0.02324397347870774,0
Iraq,72,20,20,0.23294068031544765,2.057654722608527,0.3982720523014399,0.7746621289187452,0.11287014347505,0,-0.011784140330424547,0
Ireland,37,20,20,0.2558232995868587,1.8211993863988576,0.4016034289775105,0.7736413201697321,0.12032638526091333,0,0.02256359302493849,0
Israel,85,20,20,0.07111548834280977,3.149721350428849,0.14471786722845054,0.3715258750831738,0.22563402690806517,0,-0.00555010284354826,0
Italy,97,20,20,0.10573515911509686,2.849516558518089,0.23920649731831448,0.4723957159464525,0.07717013496799331,0,-0.0014331179284499257,0
Jamaica,61,20,20,0.07657743161164507,2.959386174182152,0.11969206651267027,0.35289678550674375,0.09925663495771782,0,-0.0071849067217824025,0
Japan,80,20,20,0.16988867507853944,2.5843623279358408,0.30322293423598035,0.6238774345639777,0.07360613821576707,0,0.00437128012333915,0
Jordan,70,20,20,0.11454330427980834,2.662682989846419,0.23396216410736684,0.47872651476682565,0.1896686888555681,1,-0.014654596274672013,0
Kenya,94,20,20,0.1108790249604419,2.8015271810644355,0.21590754591417033,0.535565370197064,0.12003185359765904,0,0.012634389267775534,0
Kiribati,13,20,20,0.30223813705414393,1.3413517311848482,0.31724057491937846,0.9517217247581353,0.06530364804207166,0,-0.009480129537287718,0
Kuwait,36,20,20,0.13259446781116724,2.62826029213276,0.3161416421109687,0.47364766399558056,0.2276080365416665,0,-0.028662241806754876,0
Land Locked Developing Countries (FAO),149,20,20,0.1143958358943084,2.9219571279270724,0.2944486659203797,0.4351791245145008,0.08585163134747502,0,-0.005264246614863299,0
Laos,41,20,20,0.32029103726240304,1.7012707540181558,0.4090802481465832,0.8181604962814673,0.2331964830220461,0,-0.1201937823477757,0
Least Developed Countries (FAO),134,20,20,0.10903077259974579,2.948258204541788,0.2803466533871262,0.4344912925805819,0.06728121610311097,0,-0.0103417676710916,0
Lebanon,75,20,20,0.06490167715858447,3.2621511889742605,0.1582995412298318,0.3403698046508296,0.1478742314035446,0,0.007753902606139326,0
Lesotho,15,20,20,0.2909521293588848,1.6112376400035617,0.4424957767332242,0.8235173783169345,0.07519428389270971,0,-0.013676440015815139,0
Liberia,33,20,20,0.11821965499993255,2.612246694253341,0.2157039426146403,0.5271611726761639,0.07787880176961343,0,-0.010972602789487404,0
Libya,50,20,20,0.13727339013812337,2.5151016470828957,0.2857951293778624,0.5681588436082874,0.13982250670844132,0,-0.015068865793999409,0
Low Income Food Deficit Countries (FAO),152,20,20,0.093726804230669,3.086905968371027,0.2563958802014593,0.38426997551771813,0.05970595005528806,0,-0.004367174723206468,0
Madagascar,82,20,20,0.14157131549127897,2.593533043195251,0.2619280142790768,0.5887320736324405,0.07053099571987462,0,-0.006940654730041795,0
Malawi,55,20,20,0.1552545622473708,2.4806451755880463,0.27395145647232044,0.6106415415938409,0.17714775416769302,0,-0.05032817854701249,0
Malaysia,54,20,20,0.1643882335848926,2.0788295194328104,0.22127653499060945,0.6275139232638269,0.17100778893820817,0,0.06569536728214875,0
Maldives,25,20,20,0.13225757729087717,2.312834251672252,0.19200479412204868,0.5760143823661461,0.27860535979806456,0,-0.01080176343032517,0
Mali,64,20,20,0.15297024469886836,2.385297546887558,0.32102754454653565,0.5727736663072802,0.10845938196737222,0,-0.008625873768988712,0
Malta,49,20,20,0.07268474792596338,2.9955782469455636,0.15171875108413851,0.36755911891510173,0.17925023244362578,0,0.025337575678326674,0
Mauritania,26,20,20,0.2000039365673803,2.0539615202327326,0.3254765399376737,0.7138868512836556,0.0901841709726746,0,-0.012776872031624142,0
Mauritius,47,20,20,0.394350283333727,1.2993378729211775,0.443425408765377,0.9103178980983045,0.09497675717178335,0,-0.024493817164069398,0
Melanesia (FAO),59,20,20,0.11167118173046005,2.6172247026730595,0.18468183118417805,0.5316027622123216,0.08732363332227959,0,-0.01013411029035062,0
Mexico,121,20,20,0.15828753650507663,2.5622421196049183,0.31024206789049996,0.5890596920388625,0.09194123182797528,0,-0.005476283354553663,0
Micronesia (FAO),22,20,20,0.29366199267524656,1.4190421030599745,0.312671844127661,0.9380155323829831,0.05097756301282212,0,-0.004673672191672751,0
Micronesia (country),17,10,20,0.26685546148937195,1.5493596948542045,0.2972175411802185,0.8916526235406554,0.014560770714064558,0,0.0021532944404809573,0
Middle Africa (FAO),97,20,20,0.07482937749068914,3.0063844082610505,0.15551777888935697,0.3722287865464855,0.09289118220616836,0,0.00568147161678699,0
Mongolia,20,20,20,0.4003218651105915,1.1621661732832775,0.48414554865685105,0.9389081064500904,0.2749757604134093,0,-0.10796833148226764,0
Morocco,103,20,20,0.20563866330196823,2.2517025026701853,0.3770870747752378,0.7191703474621857,0.10488120976218372,0,-0.01813396169675252,0
Mozambique,49,20,20,0.09861275178419869,2.6515756377713324,0.18854998256730604,0.4256963412378586,0.21226329248860315,0,-0.013883900102408697,0
Myanmar,52,20,20,0.15652031853408385,2.4036522014704267,0.2712217392734692,0.6032337951934984,0.11608978047353462,0,-0.032375820968975885,0
Namibia,33,20,20,0.2999445011647225,1.614344433534136,0.4276706942993713,0.809027209491032,0.09164066625634856,0,-0.025823058662294895,0
Nauru,7,20,20,0.24589529242838568,1.5658063780076772,0.2828781673653082,0.8486345020959245,0.1864011254886697,0,0.010530171080722711,0
Nepal,60,20,20,0.1918047860516604,2.299756357799186,0.37435902018742057,0.6467648397580444,0.08540256510575124,0,-0.020290225064369616,0
Net Food Importing Developing Countries (FAO),157,20,20,0.09866953432856747,3.106541748793875,0.26930717457099607,0.4073712212649205,0.07186039160212088,0,-0.007458275869232783,0
Netherlands,57,20,20,0.09855442502055467,2.7043577699478685,0.15734054658249694,0.4322563729872019,0.11838972450148531,0,0.005553436507604564,0
New Caledonia,28,20,20,0.08289888131834325,2.6950522058388575,0.1203622312807775,0.3572839959090512,0.19281734636619055,1,0.000685518263177684,0
New Zealand,71,20,20,0.12783207150718998,2.6986433354320165,0.28894237949954693,0.5215824177532523,0.15848737402456423,0,-0.023824988441859304,0
Nicaragua,44,20,20,0.0983188953670723,2.740122389448898,0.21780318128699586,0.4436513467657478,0.17873783928930895,0,0.020460667782880776,0
Niger,54,20,20,0.21635842696366234,1.751447735813648,0.33201417356840246,0.7111033302803218,0.08089189757756167,0,-0.02510827981471858,0
Nigeria,61,20,20,0.08568428221399742,2.9441490438590425,0.21861267373870016,0.3780704719911341,0.13518197729462325,0,-0.014852334969343697,0
Niue,16,20,20,0.19857818526587168,1.8599750254210015,0.2495808486518741,0.7487425459556223,0.0493163228332281,0,0.005991396760307965,0
North Korea,43,20,20,0.11053716934623521,2.6948701024760817,0.25861153674201226,0.47205787377543373,0.09327099783509851,0,-0.018809414421769435,0
Northern Africa (FAO),118,20,20,0.13118611314413275,2.7570120515083363,0.30905031823519497,0.49347350573231274,0.08597228978202058,0,-0.01154226489035981,0
Northern America (FAO),105,20,20,0.14530775858304684,2.365566507095385,0.28232420685800086,0.5333085173042336,0.10223871471129944,0,-0.010128295564183404,0
Northern Europe (FAO),70,20,20,0.20540218448451253,2.152070582044746,0.38211843531735107,0.6998136358849594,0.09804750397017177,0,-0.01129065630487619,0
Norway,34,20,20,0.27458794142947673,1.7134196308087855,0.4421445261040856,0.817464582576295,0.0988427193712758,0,-0.000801544985543301,0
Oceania (FAO),123,20,20,0.21289233544220548,2.2394486532549593,0.3733754173195546,0.6939907171421327,0.11339103843287596,0,-0.0256627161115493,0
Oman,26,20,20,0.2055015868449965,2.0778366810303863,0.34373814155154975,0.6979101708531501,0.16079956790581293,0,-0.029371056393888567,0
Pakistan,85,20,20,0.13181412294069744,2.5589288104469796,0.27256575183635595,0.5272453556731911,0.08607618014395722,0,-0.003200339647933287,0
Panama,47,20,20,0.1341046153456656,2.552847759300959,0.28532168130957636,0.5575774943870571,0.15631919976549016,0,-0.02257395552182781,0
Papua New Guinea,42,20,20,0.10346338069275722,2.6061220060129595,0.16925734934599124,0.48033536225756107,0.0846335163318401,0,-0.010114785056851178,0
Paraguay,60,20,20,0.12247764808703286,2.536701332467477,0.20914158032200034,0.5480250765314802,0.19268971266586682,0,0.04768027739162138,0
Peru,100,20,20,0.07463313007765005,3.186898490741559,0.20501734434304666,0.3781766484981407,0.15973673556815404,0,-0.0037171097964655703,0
Philippines,81,20,20,0.12668146228483537,2.4458052382792173,0.23768100485475824,0.47781400457875367,0.08435164905998925,0,-0.00620078957606271,0
Poland,67,20,20,0.15724154842263338,2.4673296981575437,0.3456616672857699,0.5405808211495366,0.18684324972284044,0,0.012251138128046096,0
Polynesia (FAO),51,20,20,0.1861847812328297,2.112711626619099,0.24654351324155435,0.7332661269469288,0.07063408297157524,0,-0.014286215611558545,0
Portugal,84,20,20,0.0822151683623951,2.9794941809076634,0.20127233526383484,0.3863209293930563,0.2339452176010248,1,0.003387932199466148,0
Puerto Rico,39,20,20,0.1350996761198973,2.543917577760421,0.28799520802940265,0.5365629038409158,0.2931439986380886,0,0.013488398061533124,0
Qatar,33,20,20,0.11123139574138637,2.6172458647859047,0.20816637869375498,0.49788052212826817,0.13467882342576584,0,0.027002119464162047,0
Romania,76,20,20,0.16330854454738397,2.4598331771180963,0.33465449729905145,0.6183426329296978,0.1520156494804868,0,-0.0012825375779671744,0
Rwanda,46,20,20,0.09108704938238099,2.662666352732929,0.13420124376643125,0.3836216635787748,0.1370236108179832,1,-0.011419020657672627,0
Saint Kitts and Nevis,26,20,20,0.271862909220076,1.7930157742986432,0.36407191394118676,0.7640282747745882,0.08162681756343321,0,-0.020892701060079233,0
Saint Lucia,31,20,20,0.1297927459263709,2.318318253621939,0.2235319258989884,0.49294573208410464,0.2629936423761643,1,-0.013478243170074816,0
Saint Vincent and the Grenadines,36,20,20,0.09009835951546706,2.7270027929690324,0.14919553826417742,0.3898428317981172,0.26499601056057065,0,0.04238336245075551,0
Samoa,30,20,20,0.20971427823595742,1.8794743552422506,0.26091865411290627,0.7804656661643923,0.09663431014306341,0,-0.04196288826289565,0
Sao Tome and Principe,19,20,20,0.1952193079111107,1.9726705832996412,0.33064805528148195,0.6658832515771658,0.18155333008706284,0,-0.032811384186729436,0
Saudi Arabia,33,20,20,0.23297239293922892,1.9620330922530682,0.3785465212895237,0.7239265268409557,0.2147395686629719,0,-0.08894297555266506,0
Senegal,48,20,20,0.1556182871603043,2.134815557657064,0.22010636474996836,0.5497624228289217,0.09888761883227007,0,-0.022466615174747878,0
Seychelles,20,20,20,0.2083552670581338,1.7901447419398009,0.31147818157294466,0.692258333264984,0.20449005375188115,1,-0.06881477290410812,0
Sierra Leone,39,20,20,0.1530164382724774,2.4960659823847506,0.2840684068420332,0.5711163817194884,0.1674842078132882,0,-0.02362122542795836,0
Singapore,16,20,20,0.1463479708638909,2.115090178355632,0.22684554253295716,0.5441382046231316,0.46996131915166006,0,0.27563220976813085,0
Small Island Developing States (FAO),106,20,20,0.062303481549004114,3.2142242560678986,0.12603496298115036,0.34093009696497445,0.15047219207390092,1,-0.015606849123832409,0
Solomon Islands,25,20,20,0.19826779730506233,1.9687786709616166,0.26418576450578507,0.7554065022495552,0.07293206688885202,0,-0.02467677911027949,0
Somalia,34,20,20,0.2098624966766663,2.0198392190079097,0.35882570342822584,0.7143458414946098,0.10782253560154048,0,-0.04493222535505856,0
South Africa,82,20,20,0.21892411812125634,2.13920633704904,0.3720046710671208,0.7168922941904953,0.15889772426615068,0,-0.058648098774020885,0
South America (FAO),142,20,20,0.08691354363582113,2.934489764941172,0.18382096970680406,0.42696078975011514,0.15850391835389116,1,0.02898392661336202,0
South Korea,70,20,20,0.15137951069362485,2.5636857738526144,0.2810867894231347,0.5932989333165242,0.10076964073673979,0,0.0009502320302010314,0
South-eastern Asia (FAO),111,20,20,0.13954756475339947,2.635252608803697,0.2689792652627124,0.566838374364279,0.10418321766191348,0,-0.02116285814483468,0
Southern Africa (FAO),86,20,20,0.21222350670594023,2.21205333610692,0.37212066127759386,0.6992598679449777,0.14986733455014578,0,-0.055351406643776,0
Southern Asia (FAO),125,20,20,0.11483276830288712,2.837717883150329,0.2760328265349143,0.4710612868233331,0.08831563687512416,0,-0.010129280106345492,0
Southern Europe (FAO),125,20,20,0.10276187650109578,2.9101895363464214,0.2510755806314963,0.4480932813961772,0.083179186531541,0,-0.0036423406014757242,0
Spain,110,20,20,0.10570579799876376,2.799288095833575,0.2381586727205661,0.47293968907437417,0.09665398931231464,0,-0.0008062644596280449,0
Sri Lanka,58,20,20,0.11668468102226556,2.619272640959574,0.20038186577825257,0.49926187516996723,0.14218702391921909,0,0.008942232259776084,0
Sudan (former),56,20,11,0.17393491150272314,2.154416858712506,0.3051266623442447,0.6292905161088201,0.07172280595635369,0,0.007712642439447942,0
Suriname,37,20,20,0.30134907724742954,1.6961072731518527,0.38544286819740015,0.8043323203751138,0.10508174752592667,0,0.03259094381673533,0
Sweden,45,20,20,0.19958617684262028,2.151759045670383,0.38587928533153887,0.6509625334791226,0.11198234226916058,0,0.010612264610717764,0
Switzerland,55,20,20,0.15100289581748882,2.526556645121958,0.3250046098587508,0.577469762830618,0.12613703498081885,0,-0.022895715841124653,0
Syria,81,20,20,0.17547091031821505,2.362872536224279,0.33468072194128984,0.6625197552722264,0.10733684918096842,0,-0.019173492068842807,0
Taiwan,84,20,20,0.11344257904576573,2.892034603370325,0.23534461514132785,0.5128615216365869,0.1467667719656577,0,-0.015634200227092956,0
Tanzania,79,20,20,0.07739438172079668,3.0413543421041758,0.195335910593108,0.3720110482659965,0.13534376187526237,0,-0.0007592105507519958,0
Thailand,79,20,20,0.18663750554601785,2.3711048025206805,0.3201278986653724,0.6345791532102656,0.12303690304689119,0,-0.0001805033850232618,0
Togo,44,20,20,0.10082504230729249,2.7239066131996417,0.24065282775599128,0.427314693375036,0.120246233309413,0,0.00332022804461031,0
Tonga,27,20,20,0.08327388483556056,2.693702280979206,0.12421338319689347,0.35262651830096003,0.15862398375625733,0,0.014905238433759196,0
Trinidad and Tobago,48,20,20,0.09481905695846372,2.749952366318108,0.170736890596545,0.4625017798173844,0.17792543225455162,0,-0.004140753242283551,0
Tunisia,84,20,20,0.1463445024884073,2.373186129392134,0.20775969007259726,0.6100382392670228,0.07634505870720643,0,0.009928663190473225,0
Turkey,105,20,20,0.16004336193206137,2.577752882215183,0.31569578313622876,0.6085379975088353,0.08374459923910309,0,-0.008615916360934284,0
Tuvalu,10,20,20,0.3070660008916072,1.2981153492146107,0.31977971081081524,0.9593391324324457,0.040932870763639814,0,-0.015282561751277568,0
Uganda,45,20,20,0.0749493683987321,2.8957917394633688,0.13924166589883544,0.3776818810167418,0.14287109524803687,1,-0.007246386890838369,0
United Arab Emirates,35,20,20,0.259998021843528,1.8532119193731305,0.37097898401422824,0.8087174092774457,0.22170252512123467,0,0.1656675500929698,0
United Kingdom,49,20,20,0.1970114593708214,2.155896091196634,0.3594193846239949,0.7061960122470126,0.09909710466742742,0,-0.02179647501604373,0
United States,99,20,20,0.14338731126539014,2.3266701736136834,0.2664444036972288,0.5337715277880857,0.08450501523198765,0,0.0013203558926254966,0
Uruguay,54,20,20,0.15242481810351208,2.539411372922309,0.34006577786397096,0.535418813934835,0.36005904244319603,1,-0.0012080237787169268,1
Vanuatu,17,20,20,0.28241666475555416,1.468975918448127,0.30885252171961447,0.9189543329310976,0.02057091494370197,0,-0.0018868531694159474,0
Venezuela,65,20,20,0.09210696310065758,2.943349465785398,0.23142661678233414,0.4187645630610478,0.11711134783062672,0,0.015249233039598492,0
Vietnam,52,20,20,0.23029118057888354,2.164868844943693,0.34767352497607024,0.7033175527015129,0.11435068953439528,0,-0.03224876774010421,0
Western Africa (FAO),99,20,20,0.0919413265868362,2.9332420125855974,0.23647987414584515,0.3999396054893887,0.09855323480317263,0,-0.016828247173480637,0
Western Asia (FAO),127,20,20,0.15901862339103834,2.619645829634331,0.3235474855156253,0.6163597504475722,0.08017606799743474,0,-0.012102632471261976,0
Western Europe (FAO),100,20,20,0.15146252999929918,2.549063611144503,0.3301178048709257,0.570916966682489,0.0981333795583128,0,0.0008043663780667731,0
World,169,20,20,0.10927331627231153,3.0486714338323493,0.28109410701371784,0.4471925218823482,0.08692747162015237,0,-0.015380952302408726,0
Yemen,63,20,20,0.209915779366707,2.277820658162004,0.3785936138918969,0.6713968808463188,0.2039027797364449,0,-0.06266705855331664,0
Zambia,39,20,20,0.1610396016608079,2.38440475245951,0.2890610321735441,0.605574229466658,0.12038601449461633,0,-0.034261589993754504,0
Zimbabwe,83,20,20,0.16902626141596094,2.287674302898556,0.3069013778565149,0.6236424424438584,0.12979377675167583,0,-0.01722064244693708,0
North America,143,20,20,0.13400241551479036,2.552465339453038,0.27889049891360157,0.5004370275194333,0.0935477301822333,0,-0.010652926874055696,0
South America,142,20,20,0.08691314015820206,2.9345019702096886,0.18382057190364026,0.42695971314278053,0.1585043283664208,1,0.028984076869093517,0
Europe,130,20,20,0.15522668592909702,2.633122936439488,0.34088807932598975,0.5774996693080299,0.13350887165640593,0,-0.011831757341154325,0
Africa,150,20,20,0.08974252812447084,3.1467861801713957,0.24834908393341584,0.38781511063136637,0.07517462337318279,0,-0.011250753863593005,0
Asia,159,20,20,0.11495310536190172,2.954923602677553,0.2804760492077681,0.47892168659125595,0.0878409681670259,0,-0.014190769165913289,0
Oceania,123,20,20,0.21288749314067434,2.239527838258811,0.37336056472475576,0.693995245775676,0.11340131695306963,0,-0.025658613826912036,0
Low-income countries,132,20,20,0.09545387264766614,3.049741083376775,0.26125837530021845,0.38306318719089516,0.08542080149306655,0,-0.000978325742430633,0
Upper-middle-income countries,163,20,20,0.1113423134128258,3.001747138121571,0.2819262411289628,0.4475012517757118,0.14394659866747242,0,-0.019145548420633707,0
Lower-middle-income countries,163,20,20,0.09978935288930237,3.040813527837048,0.25829459338649835,0.43259631874716786,0.08804133725144091,0,-0.014904233340295309,0
High-income countries,153,20,20,0.13800533617214997,2.6793180764198725,0.3078056756053868,0.5307841346154297,0.07710214265423286,0,-0.006952776357130347,0
